rank,name,site_type,latitude,longitude,score_repd,score_industrial,score_combined,pvout_kwh_kwp,in_protected_area,in_sssi,in_flood_zone,in_grade1_agri,capacity_kwp,annual_gen_kwh,annual_saving_gbp,capex_gbp,payback_yr,npv_gbp,battery_value,fin_score,constraint_score,geo_score,final_score
1,Bishop Middleham Sewage Treatment Works,wastewater_plant,54.6716999,-1.4923436,0.90544975,0.9635846,0.93451715,775.58310762,0,0,0,0,500.0,387792.0,49443.0,500000.0,10.1,101287.0,0.45,0.744,1.0,0.9345171750000001,0.871
2,Northumbrian Water Treatment Compound,wastewater_plant,54.5692782,-1.2718228,0.93046796,0.93954206,0.935005,768.144157176,0,0,0,0,500.0,384072.0,48969.0,500000.0,10.2,95519.0,0.45,0.739,1.0,0.93500501,0.87
3,Cambois STW,wastewater_plant,55.156977,-1.5401265,0.9601148,0.88171506,0.9209149,781.7473490200001,0,0,0,0,500.0,390874.0,49836.0,500000.0,10.0,106065.0,0.45,0.748,1.0,0.92091493,0.868
4,Barkershaugh sewage treatment works,wastewater_plant,54.7835417,-1.5682095,0.9150729,0.9388611,0.926967,771.6379760479999,0,0,0,0,500.0,385819.0,49192.0,500000.0,10.2,98228.0,0.45,0.742,1.0,0.926967,0.868
5,Aldin Grange South STW,wastewater_plant,54.7829553,-1.6154269,0.8449648,0.9974165,0.9211906,768.969993856,0,0,0,0,500.0,384485.0,49022.0,500000.0,10.2,96160.0,0.45,0.74,1.0,0.92119065,0.864
6,Chester-le-Street Treatment Works,wastewater_plant,54.9027085,-1.5976229,0.92691964,0.88241124,0.90466547,771.7302900280001,0,0,0,0,500.0,385865.0,49198.0,500000.0,10.2,98300.0,0.45,0.742,1.0,0.90466544,0.859
7,Hutton Rudby STW,wastewater_plant,54.4559415,-1.2835751,0.8386632,0.93179184,0.88522756,759.0931535440001,0,0,0,0,500.0,379547.0,48392.0,500000.0,10.3,88502.0,0.45,0.733,1.0,0.88522752,0.847
8,,water_works,52.2150959,1.4813192,0.9366871,0.9005161,0.91860163,893.9569444159996,0,0,0,1,300.0,268187.0,32182.0,300000.0,9.3,91374.0,0.5,0.784,0.8,0.9186016,0.841
9,East Howle STW,wastewater_plant,54.6995099,-1.5427362,0.7540282,0.9589229,0.8564756,772.9699524279998,0,0,0,0,500.0,386485.0,49277.0,500000.0,10.1,99261.0,0.45,0.743,1.0,0.8564755500000001,0.84
10,Archdeacon Newton STW,wastewater_plant,54.5490037,-1.6073571,0.9846646,0.7206402,0.85265243,772.7020343199999,0,0,0,0,500.0,386351.0,49260.0,500000.0,10.2,99053.0,0.45,0.742,1.0,0.8526524,0.838
11,Coalburns STW,wastewater_plant,54.9431111,-1.8006153,0.9914619,0.7286738,0.86006784,762.1669078280001,0,0,0,0,500.0,381083.0,48588.0,500000.0,10.3,90885.0,0.45,0.735,1.0,0.8600678500000001,0.838
12,Brancepeth STW,wastewater_plant,54.7320419,-1.6518948,0.85473657,0.8517888,0.85326266,767.4568434759999,0,0,0,0,500.0,383728.0,48925.0,500000.0,10.2,94986.0,0.45,0.739,1.0,0.853262685,0.837
13,Howdon STW,wastewater_plant,54.9902734,-1.4784107,0.8265213,0.84647536,0.8364983,781.968419316,0,0,0,0,500.0,390984.0,49850.0,500000.0,10.0,106237.0,0.45,0.749,1.0,0.83649833,0.834
14,Lindisfarne Road Sewage Pumping Station,industrial,54.7959559,-1.5650717,0.8997976,0.97199225,0.93589497,772.0918388,0,0,0,0,200.0,154418.0,16214.0,200000.0,12.3,-2821.0,0.6,0.633,1.0,0.9358949249999999,0.828
15,Chester-le-Street Treatment Works,wastewater_plant,54.8606015,-1.566457,0.98328316,0.86322504,0.92325413,773.170568,0,0,0,1,500.0,386585.0,49290.0,500000.0,10.1,99416.0,0.45,0.743,0.8,0.9232541000000001,0.827
16,,pumping_station,51.8495389,0.7148848,0.8686316,0.9923435,0.9304875,880.683335268,0,0,0,0,100.0,88068.0,7926.0,100000.0,12.6,-3609.0,0.75,0.619,1.0,0.93048755,0.82
17,Hepscott STW,wastewater_plant,55.1483502,-1.6413482,0.63145804,0.91660476,0.7740314,778.1158288880002,0,0,0,0,500.0,389058.0,49605.0,500000.0,10.1,103250.0,0.45,0.746,1.0,0.7740314,0.808
18,Heddon-on-the-Wall STW,wastewater_plant,54.988695,-1.7877824,0.89248466,0.84325045,0.8678676,764.07866228,0,0,0,1,500.0,382039.0,48710.0,500000.0,10.3,92367.0,0.45,0.737,0.8,0.867867555,0.802
19,Lynemouth STW,wastewater_plant,55.2112473,-1.5303579,0.68492806,0.8133007,0.7491144,781.466459294,0,0,0,0,500.0,390733.0,49818.0,500000.0,10.0,105848.0,0.45,0.748,1.0,0.74911438,0.799
20,Rain water storage & pumping station (Underground),pumping_station,55.0274965,-1.5209412,0.9495697,0.96048456,0.9550271,782.3772037599999,0,0,0,0,100.0,78238.0,7041.0,100000.0,14.2,-14369.0,0.75,0.54,1.0,0.95502713,0.798
21,,pumping_station,55.1101874,-1.5031505,0.9700703,0.9377135,0.9538919,780.962968614,0,0,0,0,100.0,78096.0,7029.0,100000.0,14.2,-14524.0,0.75,0.539,1.0,0.9538919,0.797
22,Caxton Way Sewage Pumping Station,pumping_station,54.8761049,-1.5689059,0.96633154,0.9199017,0.94311666,773.2758537440001,0,0,0,0,100.0,77328.0,6959.0,100000.0,14.4,-15365.0,0.75,0.532,1.0,0.9431166200000001,0.79
23,Kingsmere Sewage Pumping Station,pumping_station,54.8737634,-1.5767132,0.9556415,0.93283737,0.94423944,772.66727168,0,0,0,0,100.0,77267.0,6954.0,100000.0,14.4,-15432.0,0.75,0.531,1.0,0.9442394350000001,0.79
24,Bran Sands Sewage Treatment Works,wastewater_plant,54.6092642,-1.125102,0.8212065,0.63296807,0.72708726,773.3800268799998,0,0,0,0,500.0,386690.0,49303.0,500000.0,10.1,99579.0,0.45,0.743,1.0,0.727087285,0.788
25,Bowburn Sewage Treatment Works,wastewater_plant,54.7274514,-1.5327752,0.5002566,0.9311808,0.7157187,773.308595768,0,0,0,0,500.0,386654.0,49298.0,500000.0,10.1,99523.0,0.45,0.743,1.0,0.7157187,0.783
26,,pumping_station,54.5170878,-1.3315663,0.8677063,0.9539698,0.910838,764.668323588,0,0,0,0,100.0,76467.0,6882.0,100000.0,14.5,-16307.0,0.75,0.523,1.0,0.91083805,0.774
27,Picktree STW,wastewater_plant,54.8698075,-1.5638889,0.443605,0.9277227,0.6856638,773.524621328,0,0,0,0,500.0,386762.0,49312.0,500000.0,10.1,99691.0,0.45,0.743,1.0,0.6856638500000001,0.771
28,Pity Me Sewage Treatment Works,wastewater_plant,54.8071261,-1.5929211,0.5524292,0.81198025,0.6822047,770.2770587359998,0,0,0,0,500.0,385139.0,49105.0,500000.0,10.2,97173.0,0.45,0.741,1.0,0.682204725,0.769
29,Brasside Sewage Treatment Works,wastewater_plant,54.8111198,-1.5568346,0.39943722,0.9404576,0.6699474,772.9654533439999,0,0,0,0,500.0,386483.0,49277.0,500000.0,10.1,99257.0,0.45,0.743,1.0,0.66994741,0.765
30,Broken Scar Water Treatment Works,industrial,54.5218337,-1.604203,0.98754185,0.57071334,0.7791276,773.5638396919999,0,0,0,0,200.0,154713.0,16245.0,200000.0,12.3,-2445.0,0.6,0.634,1.0,0.7791275950000001,0.765
31,,pumping_station,52.3583454,1.242757,0.7961939,0.9894009,0.8927974,863.08453896,0,0,0,1,100.0,86308.0,7768.0,100000.0,12.9,-5535.0,0.75,0.606,0.8,0.8927974000000001,0.76
32,Barton STW,wastewater_plant,54.4762597,-1.6442344,0.83221334,0.46160686,0.6469101,772.7922505639998,0,0,0,0,500.0,386396.0,49266.0,500000.0,10.1,99123.0,0.45,0.743,1.0,0.6469101,0.756
33,,reservoir_covered,51.8177377,0.7339579,0.9792032,0.65396774,0.8165855,884.4185360039994,0,0,0,1,150.0,132663.0,12935.0,150000.0,11.6,7299.0,0.55,0.67,0.8,0.81658547,0.755
34,Shields Road Sewage Pumping Station,pumping_station,54.8644162,-1.5669157,0.9261647,0.76382965,0.84499717,773.206901552,0,0,0,0,100.0,77321.0,6959.0,100000.0,14.4,-15373.0,0.75,0.531,1.0,0.844997175,0.75
35,Newbiggin STW,wastewater_plant,55.1747584,-1.5214011,0.43919533,0.7911866,0.615191,781.302124458,0,0,0,0,500.0,390651.0,49808.0,500000.0,10.0,105720.0,0.45,0.748,1.0,0.615190965,0.745
36,Woodhorn Church Sewage Pumping Station,pumping_station,55.1932543,-1.5297892,0.9755525,0.6719124,0.82373244,781.462922596,0,0,0,0,100.0,78146.0,7033.0,100000.0,14.2,-14469.0,0.75,0.539,1.0,0.8237324500000001,0.745
37,Windlestone STW,wastewater_plant,54.6536506,-1.5493747,0.541365,0.69236344,0.6168642,772.8891684839999,0,0,0,0,500.0,386445.0,49272.0,500000.0,10.1,99198.0,0.45,0.743,1.0,0.6168642200000001,0.744
38,Kirklevington STW,wastewater_plant,54.4846719,-1.3407634,0.31860784,0.9231867,0.6208973,764.1249809640001,0,0,0,0,500.0,382062.0,48713.0,500000.0,10.3,92403.0,0.45,0.737,1.0,0.62089727,0.743
39,Darlington Wastewater Treatment Plant,wastewater_plant,54.4986152,-1.5555549,0.8285284,0.40059805,0.6145632,773.6811959400002,0,0,0,0,500.0,386841.0,49322.0,500000.0,10.1,99812.0,0.45,0.743,1.0,0.614563225,0.743
40,,pumping_station,54.5514537,-1.2887195,0.83908045,0.7824574,0.81076896,766.6282860640005,0,0,0,0,100.0,76663.0,6900.0,100000.0,14.5,-16093.0,0.75,0.525,1.0,0.810768925,0.734
41,Newby STW,wastewater_plant,54.5015023,-1.2215606,0.45476028,0.73818415,0.5964722,761.13891614,0,0,0,0,500.0,380569.0,48523.0,500000.0,10.3,90088.0,0.45,0.735,1.0,0.596472215,0.733
42,Washington Sewage Treatment Works,wastewater_plant,54.8952999,-1.4909747,0.2515335,0.91069746,0.5811155,779.27442392,0,0,0,0,500.0,389637.0,49679.0,500000.0,10.1,104148.0,0.45,0.747,1.0,0.58111548,0.731
43,Sunderland Bridge STW,wastewater_plant,54.7328754,-1.5916866,0.25004876,0.91754395,0.5837964,770.3977944,0,0,0,0,500.0,385199.0,49113.0,500000.0,10.2,97267.0,0.45,0.741,1.0,0.583796355,0.73
44,,reservoir_covered,55.1313746,-1.6020169,0.9779312,0.4791427,0.72853696,780.530292924,0,0,0,0,150.0,117080.0,11415.0,150000.0,13.1,-11178.0,0.55,0.593,1.0,0.72853695,0.729
45,Lumley Water Treatment Works,wastewater_plant,54.8373212,-1.5326966,0.30597258,0.8531674,0.57957,775.1928891199999,0,0,0,0,500.0,387596.0,49419.0,500000.0,10.1,100984.0,0.45,0.744,1.0,0.57956999,0.729
46,Mordon STW,wastewater_plant,54.6306462,-1.4929846,0.33884865,0.7720603,0.5554545,776.1711663199999,0,0,0,0,500.0,388086.0,49481.0,500000.0,10.1,101742.0,0.45,0.745,1.0,0.555454475,0.72
47,Shincliffe Mill Sewage Pumping Station,pumping_station,54.7662651,-1.5461603,0.7337356,0.99510103,0.8644183,772.92097688,0,0,0,1,100.0,77292.0,6956.0,100000.0,14.4,-15404.0,0.75,0.531,0.8,0.864418315,0.718
48,,pumping_station,54.8521946,-1.5580934,0.81154656,0.71366596,0.76260626,773.623419872,0,0,0,0,100.0,77362.0,6963.0,100000.0,14.4,-15327.0,0.75,0.532,1.0,0.7626062600000001,0.718
49,Low Pittington Sewage Pumping Station,pumping_station,54.7963687,-1.4963098,0.62435305,0.8906431,0.7574981,777.0832307840001,0,0,0,0,100.0,77708.0,6994.0,100000.0,14.3,-14948.0,0.75,0.535,1.0,0.757498075,0.717
50,Hamsterley STW,wastewater_plant,54.6711032,-1.813317,0.21636371,0.8900715,0.5532176,760.9177143759999,0,0,0,0,500.0,380459.0,48509.0,500000.0,10.3,89917.0,0.45,0.735,1.0,0.553217605,0.715
51,Kelloe wastewater treatment works,wastewater_plant,54.7170008,-1.4749119,0.15128641,0.92375344,0.53751993,777.1864800799999,0,0,0,0,500.0,388593.0,49546.0,500000.0,10.1,102530.0,0.45,0.745,1.0,0.537519925,0.713
52,,reservoir_covered,54.7467991,-1.4530204,0.8496266,0.51677537,0.68320096,779.316696992,0,0,0,0,150.0,116898.0,11398.0,150000.0,13.2,-11394.0,0.55,0.592,1.0,0.683200985,0.71
53,Humshaugh STW,wastewater_plant,55.0313201,-2.1246587,0.28714624,0.81449,0.55081815,744.703375796,0,0,0,0,500.0,372352.0,47475.0,500000.0,10.5,77346.0,0.45,0.723,1.0,0.55081812,0.71
54,Ushaw Moor STW,wastewater_plant,54.7804983,-1.6620472,0.28450572,0.7734138,0.52895975,766.70240002,0,0,0,0,500.0,383351.0,48877.0,500000.0,10.2,94402.0,0.45,0.739,1.0,0.52895976,0.707
55,Beaumont Hill,reservoir_covered,54.5639608,-1.5627794,0.5642535,0.7884239,0.6763387,774.4932925200001,0,0,0,0,150.0,116174.0,11327.0,150000.0,13.2,-12252.0,0.55,0.588,1.0,0.6763387,0.706
56,East Tanfield STW,wastewater_plant,54.8887723,-1.6985542,0.94636554,0.0996209,0.5229932,764.3404599,0,0,0,0,500.0,382170.0,48727.0,500000.0,10.3,92570.0,0.45,0.737,1.0,0.5229932199999999,0.704
57,Wear Valley Junction STW,wastewater_plant,54.6796576,-1.745399,0.13149658,0.9137928,0.5226447,763.575341368,0,0,0,0,500.0,381788.0,48678.0,500000.0,10.3,91977.0,0.45,0.736,1.0,0.52264469,0.703
58,Chilton Lane STW,wastewater_plant,54.6673514,-1.5208374,0.03841888,0.98373955,0.5110792,774.212324944,0,0,0,0,500.0,387106.0,49356.0,500000.0,10.1,100224.0,0.45,0.743,1.0,0.511079215,0.702
59,Croxdale Sewage Pumping Station,pumping_station,54.7242873,-1.5904646,0.67449105,0.7722964,0.72339374,770.503263332,0,0,0,0,100.0,77050.0,6935.0,100000.0,14.4,-15668.0,0.75,0.529,1.0,0.723393725,0.701
60,Hebron STW,wastewater_plant,55.1995582,-1.6957593,0.21387516,0.79706174,0.5054684,776.035421308,0,0,0,0,500.0,388018.0,49472.0,500000.0,10.1,101637.0,0.45,0.745,1.0,0.50546845,0.7
61,,pumping_station,55.029067,-1.5484677,0.42837098,0.99724185,0.7128064,780.21892078,0,0,0,0,100.0,78022.0,7022.0,100000.0,14.2,-14605.0,0.75,0.538,1.0,0.712806415,0.7
62,Fourstones STW,wastewater_plant,55.0036373,-2.1798487,0.8813672,0.37652305,0.6289451,739.1931049640001,0,0,0,1,500.0,369597.0,47124.0,500000.0,10.6,73074.0,0.45,0.719,0.8,0.628945125,0.699
63,Longhirst Village WwTW,wastewater_plant,55.1926847,-1.6474572,0.122167006,0.8736722,0.4979196,779.6355595680001,0,0,0,0,500.0,389818.0,49702.0,500000.0,10.1,104428.0,0.45,0.747,1.0,0.497919603,0.698
64,Trimdon Village STW,wastewater_plant,54.7030233,-1.4172877,0.18897402,0.79027826,0.48962614,778.38254366,0,0,0,0,500.0,389191.0,49622.0,500000.0,10.1,103457.0,0.45,0.746,1.0,0.48962614,0.694
65,,wastewater_plant,55.2354458,-1.5384582,0.015763566,0.9426831,0.47922334,781.618951996,0,0,0,0,500.0,390809.0,49828.0,500000.0,10.0,105966.0,0.45,0.748,1.0,0.479223333,0.691
66,Newfield STW,wastewater_plant,54.695948,-1.6900962,0.16093495,0.80525875,0.48309684,765.780050536,0,0,0,0,500.0,382890.0,48818.0,500000.0,10.2,93687.0,0.45,0.738,1.0,0.48309685,0.688
67,Berwick Hill STW,wastewater_plant,55.0733664,-1.7286059,0.19211927,0.75919706,0.47565818,769.500778568,0,0,0,0,500.0,384750.0,49056.0,500000.0,10.2,96571.0,0.45,0.74,1.0,0.475658165,0.686
68,Attlee Terrace Sewage Pumping Station,pumping_station,55.1857319,-1.50567,0.57148635,0.7759169,0.67370164,780.980471764,0,0,0,0,100.0,78098.0,7029.0,100000.0,14.2,-14522.0,0.75,0.539,1.0,0.6737016250000001,0.685
69,Evenwood STW,wastewater_plant,54.6108926,-1.7413277,0.60319555,0.33583313,0.46951434,763.0347947399999,0,0,0,0,500.0,381517.0,48643.0,500000.0,10.3,91558.0,0.45,0.736,1.0,0.46951434000000003,0.682
70,Norham STW,wastewater_plant,55.7215318,-2.1570433,0.750449,0.37565386,0.56305146,768.6716489080002,0,0,0,1,500.0,384336.0,49003.0,500000.0,10.2,95928.0,0.45,0.74,0.8,0.56305143,0.681
71,Wooley Hospital STW,wastewater_plant,54.9304755,-2.0482664,0.000129142,0.9503941,0.47526163,747.500170984,0,0,0,0,500.0,373750.0,47653.0,500000.0,10.5,79515.0,0.45,0.725,1.0,0.475261621,0.68
72,Stokesley STW,wastewater_plant,54.4626991,-1.1942009,0.37492713,0.53755295,0.45624006,757.4778760920003,0,0,0,0,500.0,378739.0,48289.0,500000.0,10.4,87250.0,0.45,0.732,1.0,0.45624004,0.675
73,Newton STW,wastewater_plant,54.9729713,-1.9450304,0.2610479,0.6166382,0.43884304,758.2021574639999,0,0,0,0,500.0,379101.0,48335.0,500000.0,10.3,87812.0,0.45,0.733,1.0,0.43884305,0.669
74,Snitter (& Thropton) STW,wastewater_plant,55.3204735,-1.9550862,0.006278259,0.8737042,0.43999124,755.895258984,0,0,0,0,500.0,377948.0,48188.0,500000.0,10.4,86023.0,0.45,0.731,1.0,0.4399912295,0.668
75,Murton WTW,water_works,55.7314119,-2.0475132,0.30764714,0.61478764,0.4612174,770.053124244,0,0,0,0,300.0,231016.0,27722.0,300000.0,10.8,37129.0,0.5,0.709,1.0,0.46121738999999995,0.668
76,Skinningrove STW,wastewater_plant,54.5718484,-0.9048356,0.4014536,0.44134364,0.42139864,769.149775688,0,0,0,0,500.0,384575.0,49033.0,500000.0,10.2,96299.0,0.45,0.74,1.0,0.42139862,0.665
77,Station Avenue Esh Winning Sewage Pumping Station,pumping_station,54.7688838,-1.7038304,0.7434301,0.51275235,0.6280912,764.755088264,0,0,0,0,100.0,76476.0,6883.0,100000.0,14.5,-16298.0,0.75,0.524,1.0,0.6280912249999999,0.661
78,,reservoir_covered,54.8655611,-1.3715092,0.32009596,0.7951444,0.55762017,779.201691056,0,0,0,0,150.0,116880.0,11396.0,150000.0,13.2,-11414.0,0.55,0.592,1.0,0.55762018,0.66
79,Esh Winning Sewage Treatment Works,wastewater_plant,54.7749978,-1.6902208,0.05374885,0.76639986,0.41007435,765.3534101679999,0,0,0,0,500.0,382677.0,48791.0,500000.0,10.2,93356.0,0.45,0.738,1.0,0.410074355,0.659
80,Wooler WTW,water_works,55.5518936,-2.0117025,0.6785251,0.20311353,0.44081932,759.431897668,0,0,0,0,300.0,227830.0,27340.0,300000.0,11.0,32479.0,0.5,0.701,1.0,0.440819315,0.657
81,Mickleton STW,wastewater_plant,54.610449,-2.0428932,0.0009001362,0.8391392,0.4200197,738.043690736,0,0,0,0,500.0,369022.0,47050.0,500000.0,10.6,72183.0,0.45,0.719,1.0,0.42001966809999997,0.656
82,,reservoir_covered,55.0900021,-1.6299827,0.86737925,0.2043227,0.535851,776.3850967239999,0,0,0,0,150.0,116458.0,11355.0,150000.0,13.2,-11915.0,0.55,0.589,1.0,0.535850975,0.65
83,Alnwick STW,wastewater_plant,55.4122819,-1.6811144,0.2986926,0.43618336,0.367438,783.0071609299997,0,0,0,0,500.0,391504.0,49917.0,500000.0,10.0,107042.0,0.45,0.749,1.0,0.36743798,0.647
84,Carlton In Cleveland STW,wastewater_plant,54.4375791,-1.2197225,0.5134814,0.7542513,0.6338663,755.0258317120002,1,0,0,0,500.0,377513.0,48133.0,500000.0,10.4,85349.0,0.45,0.731,0.5,0.6338663499999999,0.646
85,Sheraton STW,wastewater_plant,54.7071738,-1.3155184,0.19613026,0.53279895,0.3644646,777.355069568,0,0,0,0,500.0,388678.0,49556.0,500000.0,10.1,102660.0,0.45,0.746,1.0,0.364464605,0.644
86,Heugh Hall STW,wastewater_plant,54.7323875,-1.5127249,0.44596976,0.2796522,0.36281097,774.7264472479999,0,0,0,0,500.0,387363.0,49389.0,500000.0,10.1,100622.0,0.45,0.744,1.0,0.36281098,0.643
87,Summerhouse STW,wastewater_plant,54.5658272,-1.6874867,0.027401602,0.88611877,0.4567602,768.3440103479999,0,0,0,1,500.0,384172.0,48982.0,500000.0,10.2,95674.0,0.45,0.74,0.8,0.45676018599999996,0.639
88,Fir Tree STW,wastewater_plant,54.7024751,-1.7887239,0.30689365,0.3966468,0.35177022,761.729621248,0,0,0,0,500.0,380865.0,48560.0,500000.0,10.3,90546.0,0.45,0.735,1.0,0.351770225,0.635
89,Barnard Castle Sewage Treatment Works,wastewater_plant,54.5349587,-1.9100995,0.09930676,0.6103285,0.35481763,754.6471313,0,0,0,0,500.0,377324.0,48109.0,500000.0,10.4,85056.0,0.45,0.73,1.0,0.35481763,0.634
90,Stamfordham STW,wastewater_plant,55.0416559,-1.8697334,0.006422629,0.69386566,0.35014415,762.985682608,0,0,0,0,500.0,381493.0,48640.0,500000.0,10.3,91520.0,0.45,0.736,1.0,0.35014414450000003,0.634
91,Causey Arch STW,wastewater_plant,54.8991904,-1.6833297,0.013218244,0.6724859,0.34285206,765.4034962400001,0,0,0,0,500.0,382702.0,48794.0,500000.0,10.2,93395.0,0.45,0.738,1.0,0.342852072,0.632
92,Newbiggin by the Sea Sewage Pumping Station,pumping_station,55.1754595,-1.5215565,0.27437857,0.8056602,0.5400194,781.30494573,0,0,0,0,100.0,78130.0,7032.0,100000.0,14.2,-14486.0,0.75,0.539,1.0,0.540019385,0.632
93,Great Broughton STW,wastewater_plant,54.4568941,-1.1665827,0.12954752,0.5623924,0.34596997,758.217075252,0,0,0,0,500.0,379109.0,48336.0,500000.0,10.3,87823.0,0.45,0.733,1.0,0.34596996,0.632
94,Redesmouth STW,wastewater_plant,55.1346966,-2.2151248,0.00069058355,0.71184474,0.35626766,742.2696618399999,0,0,0,0,500.0,371135.0,47320.0,500000.0,10.6,75460.0,0.45,0.722,1.0,0.35626766177499997,0.631
95,East Woodburn STW,wastewater_plant,55.1765326,-2.1468046,0.42831016,0.26434466,0.34632742,746.9292359759997,0,0,0,0,500.0,373465.0,47617.0,500000.0,10.5,79072.0,0.45,0.725,1.0,0.34632741,0.629
96,Felton STW,wastewater_plant,55.2994642,-1.7005961,0.0143322,0.6290541,0.32169315,780.2085245680001,0,0,0,0,500.0,390104.0,49738.0,500000.0,10.1,104872.0,0.45,0.747,1.0,0.32169315,0.627
97,Alnmouth WwTW,wastewater_plant,55.3963189,-1.6210194,0.46963388,0.6518339,0.5607339,779.8115006871429,1,0,0,0,500.0,389906.0,49713.0,500000.0,10.1,104565.0,0.45,0.747,0.5,0.56073389,0.623
98,Birney Hill,reservoir_covered,55.0208377,-1.760606,0.29650024,0.65330625,0.47490323,766.3198150840001,0,0,0,0,150.0,114948.0,11207.0,150000.0,13.4,-13705.0,0.55,0.581,1.0,0.47490324500000003,0.622
99,Newton Under Roseberry STW,wastewater_plant,54.5102583,-1.1240179,0.49458298,0.110781804,0.3026824,765.2957834359997,0,0,0,0,500.0,382648.0,48788.0,500000.0,10.2,93311.0,0.45,0.738,1.0,0.302682392,0.616
100,Romaldkirk STW,wastewater_plant,54.5961748,-2.0037107,0.00019570866,0.6320581,0.31612688,744.7637007359999,0,0,0,0,500.0,372382.0,47479.0,500000.0,10.5,77393.0,0.45,0.723,1.0,0.31612690432999996,0.616
101,Bishopton STW,wastewater_plant,54.5871119,-1.4431664,0.021281183,0.57304406,0.29716262,774.9974346839999,0,0,0,0,500.0,387499.0,49406.0,500000.0,10.1,100832.0,0.45,0.744,1.0,0.2971626215,0.616
102,Middleton-in-Teesdale STW,wastewater_plant,54.6197038,-2.0759508,0.5832066,0.056947377,0.32007697,732.312795984,0,0,0,0,500.0,366156.0,46685.0,500000.0,10.7,67740.0,0.45,0.714,1.0,0.3200769885,0.614
103,Berwick STW,wastewater_plant,55.7659598,-2.0305288,0.23787892,0.5527705,0.3953247,768.9784983451431,0,0,0,1,500.0,384489.0,49022.0,500000.0,10.2,96166.0,0.45,0.74,0.8,0.39532471,0.614
104,,pumping_station,55.194183,-1.6549953,0.08131963,0.89671814,0.4890189,779.0930562200002,0,0,0,0,100.0,77909.0,7012.0,100000.0,14.3,-14728.0,0.75,0.537,1.0,0.489018885,0.61
105,Satley STW,wastewater_plant,54.7893344,-1.8145828,0.002573802,0.5749337,0.28875375,760.260595248,0,0,0,0,500.0,380130.0,48467.0,500000.0,10.3,89407.0,0.45,0.734,1.0,0.288753751,0.609
106,Low Worsall WwTW,wastewater_plant,54.4853885,-1.3977682,0.035628654,0.5295509,0.2825898,768.120965468,0,0,0,0,500.0,384060.0,48968.0,500000.0,10.2,95501.0,0.45,0.739,1.0,0.28258977700000004,0.609
107,,pumping_station,55.1566938,-1.6703045,0.90284276,0.0591083,0.48097554,776.149501772,0,0,0,0,100.0,77615.0,6985.0,100000.0,14.3,-15050.0,0.75,0.534,1.0,0.48097553,0.606
108,Netherton STW,wastewater_plant,55.3619846,-2.0155147,0.0010517807,0.54906267,0.27505723,747.1260919879999,0,0,0,0,500.0,373563.0,47629.0,500000.0,10.5,79225.0,0.45,0.725,1.0,0.27505722535,0.6
109,Kirkwhelptington STW,wastewater_plant,55.1545609,-2.0016065,0.002776438,0.5146811,0.25872877,759.5341147799999,0,0,0,0,500.0,379767.0,48420.0,500000.0,10.3,88844.0,0.45,0.734,1.0,0.258728769,0.597
110,,pumping_station,55.0135394,-1.7161966,0.29574996,0.60319704,0.4494735,767.773446568,0,0,0,0,100.0,76777.0,6910.0,100000.0,14.5,-15967.0,0.75,0.526,1.0,0.44947349999999997,0.59
111,Moorsholm Sewage Treatment Works,wastewater_plant,54.5244637,-0.9351772,0.008672796,0.43780562,0.22323921,769.78170478,0,0,0,0,500.0,384891.0,49074.0,500000.0,10.2,96789.0,0.45,0.741,1.0,0.223239208,0.586
112,Whittle Colliery STW,wastewater_plant,55.3534043,-1.726259,0.31002504,0.11400909,0.21201706,781.6638421920001,0,0,0,0,500.0,390832.0,49831.0,500000.0,10.0,106001.0,0.45,0.748,1.0,0.21201706499999998,0.584
113,Wooler WWTW,wastewater_plant,55.5539378,-2.0053571,0.23598675,0.15941636,0.19770156,759.555862324,0,0,0,0,500.0,379778.0,48422.0,500000.0,10.3,88861.0,0.45,0.734,1.0,0.197701555,0.573
114,Stanhope STW,wastewater_plant,54.7365976,-1.9917427,0.2545418,0.11562736,0.18508458,751.7290857879999,0,0,0,0,500.0,375865.0,47923.0,500000.0,10.4,82793.0,0.45,0.728,1.0,0.18508458,0.565
115,Whittingham STW,wastewater_plant,55.4024631,-1.8895958,0.012731642,0.32112062,0.16692613,760.8673333879999,0,0,0,0,500.0,380434.0,48505.0,500000.0,10.3,89878.0,0.45,0.735,1.0,0.166926131,0.561
116,Hutton Magna STW,wastewater_plant,54.5090579,-1.8059834,0.033768397,0.29028195,0.16202517,759.9005504279999,0,0,0,0,500.0,379950.0,48444.0,500000.0,10.3,89128.0,0.45,0.734,1.0,0.1620251735,0.558
117,East Layton STW,wastewater_plant,54.4855338,-1.7468296,0.025660617,0.28160498,0.15363279,765.7091877839999,0,0,0,0,500.0,382855.0,48814.0,500000.0,10.2,93632.0,0.45,0.738,1.0,0.1536327985,0.557
118,Eppleby STW,wastewater_plant,54.5128708,-1.721035,0.0066970335,0.42612118,0.2164091,767.2631299679998,0,0,0,1,500.0,383632.0,48913.0,500000.0,10.2,94836.0,0.45,0.739,0.8,0.21640910675,0.542
119,Whalton STW,wastewater_plant,55.1217517,-1.8068768,0.0043529295,0.22197889,0.11316591,768.2502529239999,0,0,0,0,500.0,384125.0,48976.0,500000.0,10.2,95602.0,0.45,0.74,1.0,0.11316590975,0.541
120,Barrasford STW,wastewater_plant,55.0527601,-2.1288843,0.098580115,0.14103961,0.119809866,745.493385972,0,0,0,0,500.0,372747.0,47525.0,500000.0,10.5,77959.0,0.45,0.724,1.0,0.1198098625,0.538
121,Butterknowle Sewage Treatment Works,wastewater_plant,54.6250095,-1.8219043,0.0037491857,0.21738374,0.11056647,760.13841786,0,0,0,0,500.0,380069.0,48459.0,500000.0,10.3,89313.0,0.45,0.734,1.0,0.11056646284999999,0.538
122,Eglingham STW,wastewater_plant,55.4639304,-1.8208901,0.0012455317,0.19468176,0.097963646,772.276401272,0,0,0,0,500.0,386138.0,49233.0,500000.0,10.2,98723.0,0.45,0.742,1.0,0.09796364585,0.536
123,Millfield STW,wastewater_plant,55.6029125,-2.0990817,0.096273646,0.104079194,0.100176424,761.1987593200001,0,0,0,0,500.0,380599.0,48526.0,500000.0,10.3,90135.0,0.45,0.735,1.0,0.10017642,0.534
124,Caldwell STW,wastewater_plant,54.5121486,-1.747646,0.01567293,0.17164794,0.09366043,764.9444258159998,0,0,0,0,500.0,382472.0,48765.0,500000.0,10.3,93039.0,0.45,0.737,1.0,0.093660435,0.532
125,Wall STW,wastewater_plant,55.0122253,-2.1358623,0.10692808,0.108817816,0.10787295,742.8916247399999,0,0,0,0,500.0,371446.0,47359.0,500000.0,10.6,75942.0,0.45,0.722,1.0,0.107872948,0.532
126,Belsay STW,wastewater_plant,55.1034484,-1.8376604,0.09943517,0.06834917,0.08389217,766.3800914079999,0,0,0,0,500.0,383190.0,48857.0,500000.0,10.2,94152.0,0.45,0.738,1.0,0.08389217,0.529
127,,water_works,55.2380882,-1.9210771,0.0029743453,0.22444297,0.11370866,763.6583899279998,0,0,0,0,300.0,229098.0,27492.0,300000.0,10.9,34329.0,0.5,0.704,1.0,0.11370865764999999,0.527
128,Lartington Water Treatment Waters,water_works,54.5590437,-1.9844569,0.0014682366,0.22639321,0.113930725,747.4032587119998,0,0,0,0,300.0,224221.0,26907.0,300000.0,11.1,27213.0,0.5,0.693,1.0,0.11393072330000001,0.523
129,Chatton STW,wastewater_plant,55.5516957,-1.9098013,0.0039062444,0.13272336,0.068314806,764.8536024760001,0,0,0,0,500.0,382427.0,48759.0,500000.0,10.3,92968.0,0.45,0.737,1.0,0.06831480220000001,0.522
130,Birtley STW,wastewater_plant,55.0934823,-2.1935145,0.00042007593,0.1579598,0.07918994,742.8029159319999,0,0,0,0,500.0,371401.0,47354.0,500000.0,10.6,75873.0,0.45,0.722,1.0,0.07918993796500001,0.52
131,WWTW,wastewater_plant,55.3072717,-1.6078742,0.015858268,0.08737006,0.051614165,782.98538684,0,0,0,0,500.0,391493.0,49915.0,500000.0,10.0,107025.0,0.45,0.749,1.0,0.051614164,0.52
132,Slaley STW,wastewater_plant,54.9101341,-2.0270138,0.026616842,0.10506065,0.06583875,748.825956672,0,0,0,0,500.0,374413.0,47738.0,500000.0,10.5,80543.0,0.45,0.726,1.0,0.065838746,0.517
133,Fontburn STW,wastewater_plant,55.2380816,-1.9222835,0.0014321124,0.113472626,0.05745237,763.5056993039998,0,0,0,0,500.0,381753.0,48673.0,500000.0,10.3,91923.0,0.45,0.736,1.0,0.0574523692,0.517
134,Ellingham STW,wastewater_plant,55.524542,-1.7307678,0.008229281,0.076089695,0.042159487,779.3486999074286,0,0,0,0,500.0,389674.0,49683.0,500000.0,10.1,104206.0,0.45,0.747,1.0,0.042159488,0.516
135,Embleton WwTW,wastewater_plant,55.4898561,-1.6332927,0.00091050053,0.090297796,0.045604147,776.3488117700001,0,0,0,0,500.0,388174.0,49492.0,500000.0,10.1,101880.0,0.45,0.745,1.0,0.045604148265,0.516
136,Greenhead WwTW,wastewater_plant,54.9766208,-2.5293647,0.0043557743,0.20248702,0.1034214,693.2629812359999,0,0,0,0,500.0,346631.0,44196.0,500000.0,11.3,37466.0,0.45,0.684,1.0,0.10342139715,0.515
137,Longhorsley STW,wastewater_plant,55.2442032,-1.758116,0.028470134,0.05586699,0.04216856,775.4656926080002,0,0,0,0,500.0,387733.0,49436.0,500000.0,10.1,101196.0,0.45,0.744,1.0,0.042168562,0.514
138,Matfen STW,wastewater_plant,55.0414854,-1.9470542,0.0042535486,0.10015312,0.052203335,760.3419999920001,0,0,0,0,500.0,380171.0,48472.0,500000.0,10.3,89471.0,0.45,0.734,1.0,0.0522033343,0.514
139,Amble Sewage Treatment Works,wastewater_plant,55.3246971,-1.576225,0.031870123,0.008202867,0.020036494,780.1519971985713,0,0,0,0,500.0,390076.0,49735.0,500000.0,10.1,104829.0,0.45,0.747,1.0,0.020036495,0.507
140,Bowes STW,wastewater_plant,54.5144739,-2.0047333,0.0016844405,0.060280323,0.030982383,742.7827037839999,0,0,0,0,500.0,371391.0,47352.0,500000.0,10.6,75857.0,0.45,0.722,1.0,0.03098238175,0.501
141,Longbyre STW,wastewater_plant,54.9899284,-2.5389224,0.015144364,0.1234327,0.06928854,691.2728111839998,0,0,0,0,500.0,345636.0,44069.0,500000.0,11.3,35923.0,0.45,0.683,1.0,0.069288532,0.501
142,Wark-On-Tyne STW,wastewater_plant,55.0842632,-2.2171014,0.0022983034,0.050127525,0.026212914,739.391369856,0,0,0,0,500.0,369696.0,47136.0,500000.0,10.6,73228.0,0.45,0.72,1.0,0.0262129142,0.498
143,Gribdale STW,wastewater_plant,54.4922755,-1.0987794,0.00728551,0.5080346,0.25766006,764.7628247399998,1,0,0,0,500.0,382381.0,48754.0,500000.0,10.3,92898.0,0.45,0.737,0.5,0.257660055,0.498
144,Stoneygate Pumping Station,pumping_station,54.8593088,-1.4497941,0.02230581,0.38528463,0.20379522,781.5855605560001,0,0,0,0,100.0,78159.0,7034.0,100000.0,14.2,-14456.0,0.75,0.539,1.0,0.20379522,0.497
145,Bellingham STW,wastewater_plant,55.1410311,-2.2553129,0.0055961944,0.037436754,0.021516474,736.821282312,0,0,0,0,500.0,368411.0,46972.0,500000.0,10.6,71236.0,0.45,0.718,1.0,0.0215164742,0.496
146,Matfen Village Sewage Pumping Station,pumping_station,55.0413151,-1.9511293,0.003810832,0.37759894,0.19070488,760.1307028919999,0,0,0,0,100.0,76013.0,6841.0,100000.0,14.6,-16804.0,0.75,0.519,1.0,0.190704886,0.484
147,Staindrop Sewage Treatment Works,wastewater_plant,54.5735915,-1.7813891,0.021471582,0.09875563,0.060113605,760.61972682,0,0,0,1,500.0,380310.0,48490.0,500000.0,10.3,89686.0,0.45,0.734,0.8,0.060113606,0.478
148,Edmundbyers STW,wastewater_plant,54.8427513,-1.9787499,0.00010300041,0.3627872,0.18144509,752.9787497919999,1,0,0,0,500.0,376489.0,48002.0,500000.0,10.4,83762.0,0.45,0.729,0.5,0.181445100205,0.464
149,Stonehaugh Sewage Works,wastewater_plant,55.0815471,-2.3212,3.6691043e-05,0.33450803,0.16727236,724.294766824,1,0,0,0,500.0,362147.0,46174.0,500000.0,10.8,61524.0,0.45,0.709,0.5,0.16727236052150002,0.451
150,Elsdon STW,wastewater_plant,55.2311375,-2.1003611,0.0018614854,0.2778503,0.13985589,745.7592591559995,1,0,0,0,500.0,372880.0,47542.0,500000.0,10.5,78165.0,0.45,0.724,0.5,0.13985589269999998,0.446
151,Bardon Mill STW,wastewater_plant,54.9742773,-2.3449846,0.0039663976,0.014597284,0.00928184,717.9360109959999,0,0,0,1,500.0,358968.0,45768.0,500000.0,10.9,56594.0,0.45,0.704,0.8,0.0092818408,0.445
152,Blanchland STW,wastewater_plant,54.8478207,-2.0499909,0.00011600957,0.22185145,0.11098373,746.3380639359999,1,0,0,0,500.0,373169.0,47579.0,500000.0,10.5,78614.0,0.45,0.725,0.5,0.110983729785,0.434
153,Dunstan STW,wastewater_plant,55.4726993,-1.6039992,0.00037388597,0.1510931,0.07573349,775.2184696814284,1,0,0,0,500.0,387609.0,49420.0,500000.0,10.1,101004.0,0.45,0.744,0.5,0.075733492985,0.428
154,Lambley STW,wastewater_plant,54.9211487,-2.5109581,0.004982173,0.20619483,0.1055885,702.5453904599991,1,0,0,0,500.0,351273.0,44787.0,500000.0,11.2,44663.0,0.45,0.692,0.5,0.1055885015,0.419
155,Ingleby Greenhow STW,wastewater_plant,54.4504655,-1.1084048,0.0012751835,0.114222,0.05774859,760.32702682,1,0,0,0,500.0,380164.0,48471.0,500000.0,10.3,89459.0,0.45,0.734,0.5,0.05774859175,0.417
156,Middleton-In-Teesdale STW,wastewater_plant,54.64108,-2.1321166,0.0007809422,0.12800497,0.064392954,722.700187968,1,0,0,0,500.0,361350.0,46072.0,500000.0,10.9,60288.0,0.45,0.707,0.5,0.0643929561,0.409
157,Seahouses STW,wastewater_plant,55.5784367,-1.645133,0.00033236464,0.047923606,0.024127984,773.0838042900001,1,0,0,0,500.0,386542.0,49284.0,500000.0,10.1,99349.0,0.45,0.743,0.5,0.02412798532,0.407
158,Honey Hill Treatment Works,water_works,54.8180365,-1.9215773,0.00014206007,0.09340874,0.0467754,756.6202756639999,1,0,0,0,300.0,226986.0,27238.0,300000.0,11.0,31248.0,0.5,0.699,0.5,0.046775400035000005,0.398
159,Allendale STW,wastewater_plant,54.9083722,-2.2695996,0.00032320252,0.04599205,0.023157626,725.031721896,1,0,0,0,500.0,362516.0,46221.0,500000.0,10.8,62096.0,0.45,0.709,0.5,0.02315762626,0.393
160,Rochester STW,wastewater_plant,55.276115,-2.2649511,0.008458435,0.0032705006,0.0058644675,734.6092763960002,1,0,0,0,500.0,367305.0,46831.0,500000.0,10.7,69521.0,0.45,0.716,0.5,0.0058644678,0.389
161,Alston WwTW,wastewater_plant,54.8195451,-2.4461345,0.0029702983,0.020097423,0.011533861,703.6027257679999,1,0,0,0,500.0,351801.0,44855.0,500000.0,11.1,45482.0,0.45,0.693,0.5,0.01153386065,0.382
