lat,lon,ghi_pvgis_kwh_m2_day,pvout_kwh_kwp,optimal_tilt_deg
49.9,-8.2,,,
49.9,-7.949999999999999,,,
49.9,-7.699999999999999,,,
49.9,-7.449999999999999,,,
49.9,-7.199999999999999,,,
49.9,-6.949999999999999,,,
49.9,-6.699999999999999,,,
49.9,-6.449999999999999,,,
49.9,-6.199999999999999,,,
49.9,-5.949999999999999,,,
49.9,-5.699999999999999,,,
49.9,-5.449999999999999,,,
49.9,-5.199999999999999,,,
49.9,-4.949999999999999,,,
49.9,-4.699999999999999,,,
49.9,-4.449999999999999,,,
49.9,-4.199999999999999,,,
49.9,-3.9499999999999993,,,
49.9,-3.6999999999999993,,,
49.9,-3.4499999999999993,,,
49.9,-3.1999999999999993,,,
49.9,-2.9499999999999993,,,
49.9,-2.6999999999999993,,,
49.9,-2.4499999999999993,,,
49.9,-2.1999999999999993,,,
49.9,-1.9499999999999993,,,
49.9,-1.6999999999999993,,,
49.9,-1.4499999999999993,,,
49.9,-1.1999999999999993,,,
49.9,-0.9499999999999993,,,
49.9,-0.6999999999999993,,,
49.9,-0.4499999999999993,,,
49.9,-0.1999999999999993,,,
49.9,0.05000000000000071,,,
49.9,0.3000000000000007,,,
49.9,0.5500000000000007,,,
49.9,0.8000000000000007,,,
49.9,1.0500000000000007,3.2083287671232874,930.92,0.0
49.9,1.3000000000000007,3.1701643835616435,919.73,0.0
49.9,1.5500000000000007,3.1058356164383563,899.21,0.0
49.9,1.8000000000000007,3.159315068493151,914.0,0.0
50.15,-8.2,,,
50.15,-7.949999999999999,,,
50.15,-7.699999999999999,,,
50.15,-7.449999999999999,,,
50.15,-7.199999999999999,,,
50.15,-6.949999999999999,,,
50.15,-6.699999999999999,,,
50.15,-6.449999999999999,,,
50.15,-6.199999999999999,,,
50.15,-5.949999999999999,,,
50.15,-5.699999999999999,,,
50.15,-5.449999999999999,3.162958904109589,928.76,0.0
50.15,-5.199999999999999,3.109671232876712,910.47,0.0
50.15,-4.949999999999999,,,
50.15,-4.699999999999999,,,
50.15,-4.449999999999999,,,
50.15,-4.199999999999999,,,
50.15,-3.9499999999999993,,,
50.15,-3.6999999999999993,,,
50.15,-3.4499999999999993,,,
50.15,-3.1999999999999993,,,
50.15,-2.9499999999999993,,,
50.15,-2.6999999999999993,,,
50.15,-2.4499999999999993,,,
50.15,-2.1999999999999993,,,
50.15,-1.9499999999999993,,,
50.15,-1.6999999999999993,,,
50.15,-1.4499999999999993,,,
50.15,-1.1999999999999993,,,
50.15,-0.9499999999999993,,,
50.15,-0.6999999999999993,,,
50.15,-0.4499999999999993,,,
50.15,-0.1999999999999993,,,
50.15,0.05000000000000071,,,
50.15,0.3000000000000007,,,
50.15,0.5500000000000007,,,
50.15,0.8000000000000007,,,
50.15,1.0500000000000007,,,
50.15,1.3000000000000007,,,
50.15,1.5500000000000007,3.2366849315068498,938.49,0.0
50.15,1.8000000000000007,3.1735616438356162,917.49,0.0
50.4,-8.2,,,
50.4,-7.949999999999999,,,
50.4,-7.699999999999999,,,
50.4,-7.449999999999999,,,
50.4,-7.199999999999999,,,
50.4,-6.949999999999999,,,
50.4,-6.699999999999999,,,
50.4,-6.449999999999999,,,
50.4,-6.199999999999999,,,
50.4,-5.949999999999999,,,
50.4,-5.699999999999999,,,
50.4,-5.449999999999999,,,
50.4,-5.199999999999999,,,
50.4,-4.949999999999999,2.9553972602739726,862.1,0.0
50.4,-4.699999999999999,2.996739726027397,873.6,0.0
50.4,-4.449999999999999,3.037945205479452,886.47,0.0
50.4,-4.199999999999999,3.051534246575342,888.12,0.0
50.4,-3.9499999999999993,3.071013698630137,895.45,0.0
50.4,-3.6999999999999993,3.069589041095891,896.3,0.0
50.4,-3.4499999999999993,,,
50.4,-3.1999999999999993,,,
50.4,-2.9499999999999993,,,
50.4,-2.6999999999999993,,,
50.4,-2.4499999999999993,,,
50.4,-2.1999999999999993,,,
50.4,-1.9499999999999993,,,
50.4,-1.6999999999999993,,,
50.4,-1.4499999999999993,,,
50.4,-1.1999999999999993,,,
50.4,-0.9499999999999993,,,
50.4,-0.6999999999999993,,,
50.4,-0.4499999999999993,,,
50.4,-0.1999999999999993,,,
50.4,0.05000000000000071,,,
50.4,0.3000000000000007,,,
50.4,0.5500000000000007,,,
50.4,0.8000000000000007,,,
50.4,1.0500000000000007,,,
50.4,1.3000000000000007,,,
50.4,1.5500000000000007,,,
50.4,1.8000000000000007,3.173260273972603,917.53,0.0
50.65,-8.2,,,
50.65,-7.949999999999999,,,
50.65,-7.699999999999999,,,
50.65,-7.449999999999999,,,
50.65,-7.199999999999999,,,
50.65,-6.949999999999999,,,
50.65,-6.699999999999999,,,
50.65,-6.449999999999999,,,
50.65,-6.199999999999999,,,
50.65,-5.949999999999999,,,
50.65,-5.699999999999999,,,
50.65,-5.449999999999999,,,
50.65,-5.199999999999999,,,
50.65,-4.949999999999999,,,
50.65,-4.699999999999999,2.859890410958904,834.49,0.0
50.65,-4.449999999999999,2.94427397260274,859.42,0.0
50.65,-4.199999999999999,2.823780821917808,819.5,0.0
50.65,-3.9499999999999993,2.8677808219178083,837.54,0.0
50.65,-3.6999999999999993,2.978821917808219,869.59,0.0
50.65,-3.4499999999999993,,,
50.65,-3.1999999999999993,,,
50.65,-2.9499999999999993,,,
50.65,-2.6999999999999993,,,
50.65,-2.4499999999999993,3.2465753424657535,943.64,0.0
50.65,-2.1999999999999993,3.2376712328767123,940.61,0.0
50.65,-1.9499999999999993,,,
50.65,-1.6999999999999993,,,
50.65,-1.4499999999999993,3.2806301369863013,958.04,0.0
50.65,-1.1999999999999993,3.3131780821917807,961.92,0.0
50.65,-0.9499999999999993,,,
50.65,-0.6999999999999993,,,
50.65,-0.4499999999999993,,,
50.65,-0.1999999999999993,,,
50.65,0.05000000000000071,,,
50.65,0.3000000000000007,,,
50.65,0.5500000000000007,,,
50.65,0.8000000000000007,,,
50.65,1.0500000000000007,,,
50.65,1.3000000000000007,,,
50.65,1.5500000000000007,,,
50.65,1.8000000000000007,3.088986301369863,895.1,0.0
50.9,-8.2,,,
50.9,-7.949999999999999,,,
50.9,-7.699999999999999,,,
50.9,-7.449999999999999,,,
50.9,-7.199999999999999,,,
50.9,-6.949999999999999,,,
50.9,-6.699999999999999,,,
50.9,-6.449999999999999,,,
50.9,-6.199999999999999,,,
50.9,-5.949999999999999,,,
50.9,-5.699999999999999,,,
50.9,-5.449999999999999,,,
50.9,-5.199999999999999,,,
50.9,-4.949999999999999,,,
50.9,-4.699999999999999,,,
50.9,-4.449999999999999,2.94013698630137,860.81,0.0
50.9,-4.199999999999999,2.932301369863014,855.92,0.0
50.9,-3.9499999999999993,2.896876712328767,843.27,0.0
50.9,-3.6999999999999993,2.9246027397260272,851.88,0.0
50.9,-3.4499999999999993,2.9476712328767127,857.63,0.0
50.9,-3.1999999999999993,2.935780821917808,853.59,0.0
50.9,-2.9499999999999993,3.0002465753424654,871.79,0.0
50.9,-2.6999999999999993,3.001616438356164,870.9,0.0
50.9,-2.4499999999999993,3.027643835616438,878.67,0.0
50.9,-2.1999999999999993,3.0594520547945208,889.54,0.0
50.9,-1.9499999999999993,3.0550136986301366,886.76,0.0
50.9,-1.6999999999999993,3.0206027397260273,876.96,0.0
50.9,-1.4499999999999993,3.094657534246575,897.09,0.0
50.9,-1.1999999999999993,3.164712328767123,916.27,0.0
50.9,-0.9499999999999993,3.1782739726027396,923.18,0.0
50.9,-0.6999999999999993,3.2001369863013696,931.08,0.0
50.9,-0.4499999999999993,3.0705753424657534,896.94,0.0
50.9,-0.1999999999999993,3.1298630136986305,913.61,0.0
50.9,0.05000000000000071,3.248383561643836,948.44,0.0
50.9,0.3000000000000007,3.2067397260273975,934.37,0.0
50.9,0.5500000000000007,3.199178082191781,927.64,0.0
50.9,0.8000000000000007,,,
50.9,1.0500000000000007,,,
50.9,1.3000000000000007,,,
50.9,1.5500000000000007,,,
50.9,1.8000000000000007,3.199890410958904,934.98,0.0
51.15,-8.2,,,
51.15,-7.949999999999999,,,
51.15,-7.699999999999999,,,
51.15,-7.449999999999999,,,
51.15,-7.199999999999999,,,
51.15,-6.949999999999999,,,
51.15,-6.699999999999999,,,
51.15,-6.449999999999999,,,
51.15,-6.199999999999999,,,
51.15,-5.949999999999999,,,
51.15,-5.699999999999999,,,
51.15,-5.449999999999999,,,
51.15,-5.199999999999999,,,
51.15,-4.949999999999999,,,
51.15,-4.699999999999999,,,
51.15,-4.449999999999999,,,
51.15,-4.199999999999999,3.023178082191781,885.28,0.0
51.15,-3.9499999999999993,2.832054794520548,829.17,0.0
51.15,-3.6999999999999993,2.8163013698630137,828.73,0.0
51.15,-3.4499999999999993,2.959150684931507,866.91,0.0
51.15,-3.1999999999999993,2.946849315068493,860.24,0.0
51.15,-2.9499999999999993,3.0116438356164386,874.17,0.0
51.15,-2.6999999999999993,2.9786301369863013,863.29,0.0
51.15,-2.4499999999999993,2.9372602739726026,852.06,0.0
51.15,-2.1999999999999993,2.9615068493150685,860.44,0.0
51.15,-1.9499999999999993,3.0023287671232874,871.46,0.0
51.15,-1.6999999999999993,2.9976438356164388,868.99,0.0
51.15,-1.4499999999999993,3.001698630136986,869.28,0.0
51.15,-1.1999999999999993,2.9855342465753427,862.66,0.0
51.15,-0.9499999999999993,3.0100000000000002,870.53,0.0
51.15,-0.6999999999999993,2.9852602739726026,863.89,0.0
51.15,-0.4499999999999993,2.984931506849315,863.58,0.0
51.15,-0.1999999999999993,2.9924383561643837,866.4,0.0
51.15,0.05000000000000071,3.0266575342465756,876.55,0.0
51.15,0.3000000000000007,3.058986301369863,886.05,0.0
51.15,0.5500000000000007,3.0981643835616435,897.56,0.0
51.15,0.8000000000000007,3.1090958904109587,902.79,0.0
51.15,1.0500000000000007,3.1215342465753424,905.49,0.0
51.15,1.3000000000000007,3.1665753424657535,920.76,0.0
51.15,1.5500000000000007,,,
51.15,1.8000000000000007,,,
51.4,-8.2,,,
51.4,-7.949999999999999,,,
51.4,-7.699999999999999,,,
51.4,-7.449999999999999,,,
51.4,-7.199999999999999,,,
51.4,-6.949999999999999,,,
51.4,-6.699999999999999,,,
51.4,-6.449999999999999,,,
51.4,-6.199999999999999,,,
51.4,-5.949999999999999,,,
51.4,-5.699999999999999,,,
51.4,-5.449999999999999,,,
51.4,-5.199999999999999,,,
51.4,-4.949999999999999,,,
51.4,-4.699999999999999,,,
51.4,-4.449999999999999,,,
51.4,-4.199999999999999,,,
51.4,-3.9499999999999993,,,
51.4,-3.6999999999999993,,,
51.4,-3.4499999999999993,3.036109589041096,886.09,0.0
51.4,-3.1999999999999993,,,
51.4,-2.9499999999999993,,,
51.4,-2.6999999999999993,2.940191780821918,853.62,0.0
51.4,-2.4499999999999993,2.9345753424657532,853.02,0.0
51.4,-2.1999999999999993,2.9538630136986304,856.72,0.0
51.4,-1.9499999999999993,2.955369863013699,856.52,0.0
51.4,-1.6999999999999993,2.9372602739726026,851.57,0.0
51.4,-1.4499999999999993,2.935369863013699,849.53,0.0
51.4,-1.1999999999999993,2.9615342465753427,858.1,0.0
51.4,-0.9499999999999993,2.9614246575342467,856.55,0.0
51.4,-0.6999999999999993,2.93586301369863,848.14,0.0
51.4,-0.4499999999999993,2.9556712328767123,853.72,0.0
51.4,-0.1999999999999993,2.9579726027397264,854.82,0.0
51.4,0.05000000000000071,2.980520547945206,861.76,0.0
51.4,0.3000000000000007,3.0193424657534247,873.52,0.0
51.4,0.5500000000000007,3.0295342465753423,875.86,0.0
51.4,0.8000000000000007,3.1192876712328768,905.79,0.0
51.4,1.0500000000000007,,,
51.4,1.3000000000000007,,,
51.4,1.5500000000000007,,,
51.4,1.8000000000000007,,,
51.65,-8.2,,,
51.65,-7.949999999999999,,,
51.65,-7.699999999999999,,,
51.65,-7.449999999999999,,,
51.65,-7.199999999999999,,,
51.65,-6.949999999999999,,,
51.65,-6.699999999999999,,,
51.65,-6.449999999999999,,,
51.65,-6.199999999999999,,,
51.65,-5.949999999999999,,,
51.65,-5.699999999999999,,,
51.65,-5.449999999999999,,,
51.65,-5.199999999999999,,,
51.65,-4.949999999999999,3.095095890410959,906.87,0.0
51.65,-4.699999999999999,,,
51.65,-4.449999999999999,,,
51.65,-4.199999999999999,,,
51.65,-3.9499999999999993,2.9356438356164385,855.05,0.0
51.65,-3.6999999999999993,2.751890410958904,800.14,0.0
51.65,-3.4499999999999993,2.8096164383561644,816.88,0.0
51.65,-3.1999999999999993,2.8656712328767124,831.07,0.0
51.65,-2.9499999999999993,2.9115068493150686,842.03,0.0
51.65,-2.6999999999999993,2.940219178082192,849.43,0.0
51.65,-2.4499999999999993,2.9464109589041096,852.57,0.0
51.65,-2.1999999999999993,2.925972602739726,848.02,0.0
51.65,-1.9499999999999993,2.91627397260274,843.8,0.0
51.65,-1.6999999999999993,2.9372328767123284,850.37,0.0
51.65,-1.4499999999999993,2.9630958904109588,858.0,0.0
51.65,-1.1999999999999993,2.9445753424657535,852.86,0.0
51.65,-0.9499999999999993,2.8976438356164387,838.32,0.0
51.65,-0.6999999999999993,2.8932602739726025,836.48,0.0
51.65,-0.4499999999999993,2.913095890410959,841.75,0.0
51.65,-0.1999999999999993,2.937369863013699,848.72,0.0
51.65,0.05000000000000071,2.941095890410959,850.34,0.0
51.65,0.3000000000000007,2.9820547945205482,863.09,0.0
51.65,0.5500000000000007,3.046876712328767,885.04,0.0
51.65,0.8000000000000007,3.14241095890411,916.93,0.0
51.65,1.0500000000000007,,,
51.65,1.3000000000000007,,,
51.65,1.5500000000000007,,,
51.65,1.8000000000000007,,,
51.9,-8.2,2.957287671232877,863.1,0.0
51.9,-7.949999999999999,2.92641095890411,855.71,0.0
51.9,-7.699999999999999,,,
51.9,-7.449999999999999,,,
51.9,-7.199999999999999,,,
51.9,-6.949999999999999,,,
51.9,-6.699999999999999,,,
51.9,-6.449999999999999,,,
51.9,-6.199999999999999,,,
51.9,-5.949999999999999,,,
51.9,-5.699999999999999,,,
51.9,-5.449999999999999,,,
51.9,-5.199999999999999,3.0314520547945207,879.6,0.0
51.9,-4.949999999999999,2.8633150684931503,837.21,0.0
51.9,-4.699999999999999,2.8254794520547946,822.68,0.0
51.9,-4.449999999999999,2.8062191780821917,814.1,0.0
51.9,-4.199999999999999,2.733945205479452,795.87,0.0
51.9,-3.9499999999999993,2.6796712328767125,776.48,0.0
51.9,-3.6999999999999993,2.605972602739726,756.9,0.0
51.9,-3.4499999999999993,2.580958904109589,753.92,0.0
51.9,-3.1999999999999993,2.7546575342465753,803.14,0.0
51.9,-2.9499999999999993,2.8405753424657534,826.63,0.0
51.9,-2.6999999999999993,2.867013698630137,830.46,0.0
51.9,-2.4499999999999993,2.8895890410958907,836.22,0.0
51.9,-2.1999999999999993,2.876383561643836,831.75,0.0
51.9,-1.9499999999999993,2.868958904109589,832.74,0.0
51.9,-1.6999999999999993,2.891452054794521,839.6,0.0
51.9,-1.4499999999999993,2.898958904109589,840.04,0.0
51.9,-1.1999999999999993,2.9283013698630134,847.71,0.0
51.9,-0.9499999999999993,2.921205479452055,844.87,0.0
51.9,-0.6999999999999993,2.912547945205479,843.73,0.0
51.9,-0.4499999999999993,2.9091780821917808,842.94,0.0
51.9,-0.1999999999999993,2.919123287671233,845.78,0.0
51.9,0.05000000000000071,2.952465753424658,855.59,0.0
51.9,0.3000000000000007,2.9803013698630134,863.29,0.0
51.9,0.5500000000000007,3.009287671232877,872.69,0.0
51.9,0.8000000000000007,3.0305479452054795,881.03,0.0
51.9,1.0500000000000007,3.104,905.17,0.0
51.9,1.3000000000000007,,,
51.9,1.5500000000000007,,,
51.9,1.8000000000000007,,,
52.15,-8.2,2.7394520547945205,794.67,0.0
52.15,-7.949999999999999,2.7673698630136987,803.37,0.0
52.15,-7.699999999999999,2.8311232876712324,823.61,0.0
52.15,-7.449999999999999,2.910465753424657,847.5,0.0
52.15,-7.199999999999999,2.9116438356164385,847.57,0.0
52.15,-6.949999999999999,,,
52.15,-6.699999999999999,,,
52.15,-6.449999999999999,,,
52.15,-6.199999999999999,,,
52.15,-5.949999999999999,,,
52.15,-5.699999999999999,,,
52.15,-5.449999999999999,,,
52.15,-5.199999999999999,,,
52.15,-4.949999999999999,,,
52.15,-4.699999999999999,,,
52.15,-4.449999999999999,2.755178082191781,802.07,0.0
52.15,-4.199999999999999,2.7256164383561643,793.44,0.0
52.15,-3.9499999999999993,2.592575342465753,751.53,0.0
52.15,-3.6999999999999993,2.5646301369863016,744.95,0.0
52.15,-3.4499999999999993,2.7307671232876713,794.0,0.0
52.15,-3.1999999999999993,2.744657534246575,800.39,0.0
52.15,-2.9499999999999993,2.8347397260273977,823.36,0.0
52.15,-2.6999999999999993,2.863890410958904,828.94,0.0
52.15,-2.4499999999999993,2.845917808219178,824.01,0.0
52.15,-2.1999999999999993,2.8833972602739726,832.7,0.0
52.15,-1.9499999999999993,2.870712328767123,830.62,0.0
52.15,-1.6999999999999993,2.905671232876712,841.68,0.0
52.15,-1.4499999999999993,2.893561643835617,838.87,0.0
52.15,-1.1999999999999993,2.8864931506849314,838.03,0.0
52.15,-0.9499999999999993,2.91213698630137,844.61,0.0
52.15,-0.6999999999999993,2.92441095890411,847.53,0.0
52.15,-0.4499999999999993,2.9195616438356167,844.74,0.0
52.15,-0.1999999999999993,2.9287123287671233,847.91,0.0
52.15,0.05000000000000071,2.952931506849315,855.48,0.0
52.15,0.3000000000000007,2.9363287671232876,851.17,0.0
52.15,0.5500000000000007,2.9545753424657537,856.33,0.0
52.15,0.8000000000000007,2.975945205479452,862.05,0.0
52.15,1.0500000000000007,2.993095890410959,867.88,0.0
52.15,1.3000000000000007,3.035315068493151,881.17,0.0
52.15,1.5500000000000007,3.1143013698630138,909.14,0.0
52.15,1.8000000000000007,,,
52.4,-8.2,2.5764383561643833,747.73,0.0
52.4,-7.949999999999999,2.7077260273972605,786.55,0.0
52.4,-7.699999999999999,2.6315616438356164,761.93,0.0
52.4,-7.449999999999999,2.7498356164383564,796.98,0.0
52.4,-7.199999999999999,2.732383561643836,791.21,0.0
52.4,-6.949999999999999,2.8166301369863014,817.73,0.0
52.4,-6.699999999999999,2.868739726027397,833.63,0.0
52.4,-6.449999999999999,2.9355342465753425,856.85,0.0
52.4,-6.199999999999999,,,
52.4,-5.949999999999999,,,
52.4,-5.699999999999999,,,
52.4,-5.449999999999999,,,
52.4,-5.199999999999999,,,
52.4,-4.949999999999999,,,
52.4,-4.699999999999999,,,
52.4,-4.449999999999999,,,
52.4,-4.199999999999999,,,
52.4,-3.9499999999999993,2.663095890410959,771.01,0.0
52.4,-3.6999999999999993,2.6087397260273972,759.24,0.0
52.4,-3.4499999999999993,2.5935890410958904,756.38,0.0
52.4,-3.1999999999999993,2.666794520547945,779.86,0.0
52.4,-2.9499999999999993,2.778054794520548,809.73,0.0
52.4,-2.6999999999999993,2.7854246575342465,808.82,0.0
52.4,-2.4499999999999993,2.798164383561644,809.88,0.0
52.4,-2.1999999999999993,2.80372602739726,810.5,0.0
52.4,-1.9499999999999993,2.793945205479452,808.48,0.0
52.4,-1.6999999999999993,2.8331232876712327,819.7,0.0
52.4,-1.4499999999999993,2.8306575342465754,820.22,0.0
52.4,-1.1999999999999993,2.8473698630136983,826.02,0.0
52.4,-0.9499999999999993,2.8874520547945206,838.42,0.0
52.4,-0.6999999999999993,2.8997534246575345,841.11,0.0
52.4,-0.4499999999999993,2.9311506849315068,849.3,0.0
52.4,-0.1999999999999993,2.934082191780822,848.89,0.0
52.4,0.05000000000000071,2.9324657534246574,846.9,0.0
52.4,0.3000000000000007,2.920821917808219,843.21,0.0
52.4,0.5500000000000007,2.8792602739726028,831.03,0.0
52.4,0.8000000000000007,2.929150684931507,846.87,0.0
52.4,1.0500000000000007,2.950712328767123,853.79,0.0
52.4,1.3000000000000007,2.9739999999999998,861.62,0.0
52.4,1.5500000000000007,3.0125479452054793,880.34,0.0
52.4,1.8000000000000007,,,
52.65,-8.2,2.627835616438356,762.53,0.0
52.65,-7.949999999999999,2.7146849315068495,787.74,0.0
52.65,-7.699999999999999,2.6654520547945206,772.86,0.0
52.65,-7.449999999999999,2.740904109589041,796.18,0.0
52.65,-7.199999999999999,2.732383561643836,791.22,0.0
52.65,-6.949999999999999,2.6776712328767123,775.01,0.0
52.65,-6.699999999999999,2.7663835616438357,803.29,0.0
52.65,-6.449999999999999,2.8263561643835615,821.43,0.0
52.65,-6.199999999999999,,,
52.65,-5.949999999999999,,,
52.65,-5.699999999999999,,,
52.65,-5.449999999999999,,,
52.65,-5.199999999999999,,,
52.65,-4.949999999999999,,,
52.65,-4.699999999999999,,,
52.65,-4.449999999999999,,,
52.65,-4.199999999999999,,,
52.65,-3.9499999999999993,2.4935342465753423,722.77,0.0
52.65,-3.6999999999999993,2.5779452054794523,749.18,0.0
52.65,-3.4499999999999993,2.696657534246575,784.47,0.0
52.65,-3.1999999999999993,2.7486849315068493,800.14,0.0
52.65,-2.9499999999999993,2.7354794520547947,795.14,0.0
52.65,-2.6999999999999993,2.7865479452054793,809.43,0.0
52.65,-2.4499999999999993,2.7733150684931505,802.32,0.0
52.65,-2.1999999999999993,2.759753424657534,798.08,0.0
52.65,-1.9499999999999993,2.7596164383561645,797.92,0.0
52.65,-1.6999999999999993,2.7864931506849318,806.13,0.0
52.65,-1.4499999999999993,2.8209315068493153,818.49,0.0
52.65,-1.1999999999999993,2.807205479452055,814.01,0.0
52.65,-0.9499999999999993,2.8328767123287673,821.91,0.0
52.65,-0.6999999999999993,2.882958904109589,836.66,0.0
52.65,-0.4499999999999993,2.9009589041095887,840.53,0.0
52.65,-0.1999999999999993,2.9153698630136984,843.54,0.0
52.65,0.05000000000000071,2.9303561643835616,846.81,0.0
52.65,0.3000000000000007,2.9201917808219173,844.2,0.0
52.65,0.5500000000000007,2.8876712328767122,834.78,0.0
52.65,0.8000000000000007,2.911753424657534,842.3,0.0
52.65,1.0500000000000007,2.9294520547945204,847.92,0.0
52.65,1.3000000000000007,2.908027397260274,841.95,0.0
52.65,1.5500000000000007,2.9949041095890414,875.25,0.0
52.65,1.8000000000000007,,,
52.9,-8.2,2.664821917808219,772.9,0.0
52.9,-7.949999999999999,2.6574520547945206,770.2,0.0
52.9,-7.699999999999999,2.6937808219178083,780.88,0.0
52.9,-7.449999999999999,2.693178082191781,780.31,0.0
52.9,-7.199999999999999,2.675808219178082,776.36,0.0
52.9,-6.949999999999999,2.7263287671232876,791.13,0.0
52.9,-6.699999999999999,2.6776438356164385,775.53,0.0
52.9,-6.449999999999999,2.6695616438356162,775.25,0.0
52.9,-6.199999999999999,2.825013698630137,823.0,0.0
52.9,-5.949999999999999,,,
52.9,-5.699999999999999,,,
52.9,-5.449999999999999,,,
52.9,-5.199999999999999,,,
52.9,-4.949999999999999,,,
52.9,-4.699999999999999,,,
52.9,-4.449999999999999,2.824520547945206,828.98,0.0
52.9,-4.199999999999999,,,
52.9,-3.9499999999999993,2.518657534246575,730.36,0.0
52.9,-3.6999999999999993,2.539315068493151,739.02,0.0
52.9,-3.4499999999999993,2.539013698630137,741.68,0.0
52.9,-3.1999999999999993,2.7261643835616436,793.77,0.0
52.9,-2.9499999999999993,2.779095890410959,805.41,0.0
52.9,-2.6999999999999993,2.7750958904109586,802.12,0.0
52.9,-2.4499999999999993,2.7515616438356165,796.56,0.0
52.9,-2.1999999999999993,2.7633972602739725,800.91,0.0
52.9,-1.9499999999999993,2.760958904109589,800.36,0.0
52.9,-1.6999999999999993,2.7861095890410956,808.68,0.0
52.9,-1.4499999999999993,2.799041095890411,811.52,0.0
52.9,-1.1999999999999993,2.8019726027397263,812.45,0.0
52.9,-0.9499999999999993,2.8217808219178084,817.76,0.0
52.9,-0.6999999999999993,2.85241095890411,827.32,0.0
52.9,-0.4499999999999993,2.89627397260274,839.97,0.0
52.9,-0.1999999999999993,2.9112876712328766,844.17,0.0
52.9,0.05000000000000071,2.9331232876712328,850.92,0.0
52.9,0.3000000000000007,,,
52.9,0.5500000000000007,2.916904109589041,853.34,0.0
52.9,0.8000000000000007,2.9195616438356167,855.22,0.0
52.9,1.0500000000000007,2.9151780821917805,853.86,0.0
52.9,1.3000000000000007,2.9526575342465753,865.07,0.0
52.9,1.5500000000000007,,,
52.9,1.8000000000000007,,,
53.15,-8.2,2.682931506849315,777.42,0.0
53.15,-7.949999999999999,2.648876712328767,766.68,0.0
53.15,-7.699999999999999,2.544109589041096,736.79,0.0
53.15,-7.449999999999999,2.6927945205479453,781.65,0.0
53.15,-7.199999999999999,2.7104109589041094,785.19,0.0
53.15,-6.949999999999999,2.6813150684931504,776.44,0.0
53.15,-6.699999999999999,2.5964109589041096,752.08,0.0
53.15,-6.449999999999999,2.479013698630137,723.8,0.0
53.15,-6.199999999999999,2.718,798.82,0.0
53.15,-5.949999999999999,,,
53.15,-5.699999999999999,,,
53.15,-5.449999999999999,,,
53.15,-5.199999999999999,,,
53.15,-4.949999999999999,,,
53.15,-4.699999999999999,,,
53.15,-4.449999999999999,,,
53.15,-4.199999999999999,2.399123287671233,695.08,0.0
53.15,-3.9499999999999993,2.449150684931507,712.5,0.0
53.15,-3.6999999999999993,2.608986301369863,759.4,0.0
53.15,-3.4499999999999993,2.6427671232876713,768.98,0.0
53.15,-3.1999999999999993,2.6253150684931508,761.97,0.0
53.15,-2.9499999999999993,2.7594246575342467,797.54,0.0
53.15,-2.6999999999999993,2.739808219178082,790.67,0.0
53.15,-2.4499999999999993,2.7155616438356165,784.91,0.0
53.15,-2.1999999999999993,2.6407123287671235,764.48,0.0
53.15,-1.9499999999999993,2.5975068493150686,755.17,0.0
53.15,-1.6999999999999993,2.7054246575342464,786.92,0.0
53.15,-1.4499999999999993,2.7434246575342467,795.6,0.0
53.15,-1.1999999999999993,2.7544109589041095,799.54,0.0
53.15,-0.9499999999999993,2.8185205479452056,816.59,0.0
53.15,-0.6999999999999993,2.8206849315068494,816.28,0.0
53.15,-0.4499999999999993,2.8642465753424657,829.89,0.0
53.15,-0.1999999999999993,2.8377260273972604,820.61,0.0
53.15,0.05000000000000071,2.888027397260274,840.38,0.0
53.15,0.3000000000000007,2.8736986301369867,839.27,0.0
53.15,0.5500000000000007,,,
53.15,0.8000000000000007,,,
53.15,1.0500000000000007,,,
53.15,1.3000000000000007,,,
53.15,1.5500000000000007,,,
53.15,1.8000000000000007,,,
53.4,-8.2,2.6676164383561645,773.2,0.0
53.4,-7.949999999999999,2.6356164383561644,763.09,0.0
53.4,-7.699999999999999,2.6584931506849316,770.05,0.0
53.4,-7.449999999999999,2.6531780821917805,768.27,0.0
53.4,-7.199999999999999,2.671287671232877,773.82,0.0
53.4,-6.949999999999999,2.679095890410959,776.23,0.0
53.4,-6.699999999999999,2.722849315068493,788.92,0.0
53.4,-6.449999999999999,2.7393972602739725,795.23,0.0
53.4,-6.199999999999999,2.734164383561644,793.6,0.0
53.4,-5.949999999999999,,,
53.4,-5.699999999999999,,,
53.4,-5.449999999999999,,,
53.4,-5.199999999999999,,,
53.4,-4.949999999999999,,,
53.4,-4.699999999999999,,,
53.4,-4.449999999999999,2.927643835616438,858.01,0.0
53.4,-4.199999999999999,,,
53.4,-3.9499999999999993,,,
53.4,-3.6999999999999993,,,
53.4,-3.4499999999999993,,,
53.4,-3.1999999999999993,,,
53.4,-2.9499999999999993,2.7575068493150687,800.41,0.0
53.4,-2.6999999999999993,2.707068493150685,783.64,0.0
53.4,-2.4499999999999993,2.6830136986301367,775.72,0.0
53.4,-2.1999999999999993,2.6096438356164384,754.04,0.0
53.4,-1.9499999999999993,2.4782465753424656,722.26,0.0
53.4,-1.6999999999999993,2.5874794520547946,753.17,0.0
53.4,-1.4499999999999993,2.6896712328767123,778.65,0.0
53.4,-1.1999999999999993,2.774054794520548,802.98,0.0
53.4,-0.9499999999999993,2.7795342465753423,802.98,0.0
53.4,-0.6999999999999993,2.7967945205479454,807.95,0.0
53.4,-0.4499999999999993,2.815013698630137,814.46,0.0
53.4,-0.1999999999999993,2.8091780821917807,815.66,0.0
53.4,0.05000000000000071,2.8961095890410955,844.72,0.0
53.4,0.3000000000000007,,,
53.4,0.5500000000000007,,,
53.4,0.8000000000000007,,,
53.4,1.0500000000000007,,,
53.4,1.3000000000000007,,,
53.4,1.5500000000000007,,,
53.4,1.8000000000000007,,,
53.65,-8.2,2.654876712328767,770.31,0.0
53.65,-7.949999999999999,2.6129589041095893,757.07,0.0
53.65,-7.699999999999999,2.6327945205479453,762.84,0.0
53.65,-7.449999999999999,2.607945205479452,755.21,0.0
53.65,-7.199999999999999,2.657972602739726,770.95,0.0
53.65,-6.949999999999999,2.6825479452054792,777.63,0.0
53.65,-6.699999999999999,2.694356164383562,780.26,0.0
53.65,-6.449999999999999,2.7593972602739725,801.1,0.0
53.65,-6.199999999999999,,,
53.65,-5.949999999999999,,,
53.65,-5.699999999999999,,,
53.65,-5.449999999999999,,,
53.65,-5.199999999999999,,,
53.65,-4.949999999999999,,,
53.65,-4.699999999999999,,,
53.65,-4.449999999999999,,,
53.65,-4.199999999999999,,,
53.65,-3.9499999999999993,,,
53.65,-3.6999999999999993,,,
53.65,-3.4499999999999993,,,
53.65,-3.1999999999999993,,,
53.65,-2.9499999999999993,2.841753424657534,828.24,0.0
53.65,-2.6999999999999993,2.6436712328767125,766.86,0.0
53.65,-2.4499999999999993,2.5773424657534245,747.78,0.0
53.65,-2.1999999999999993,2.5505753424657533,740.87,0.0
53.65,-1.9499999999999993,2.531068493150685,739.16,0.0
53.65,-1.6999999999999993,2.6753150684931506,778.61,0.0
53.65,-1.4499999999999993,2.7217534246575346,786.81,0.0
53.65,-1.1999999999999993,2.761315068493151,798.29,0.0
53.65,-0.9499999999999993,2.7726301369863013,800.81,0.0
53.65,-0.6999999999999993,2.761808219178082,797.82,0.0
53.65,-0.4499999999999993,2.791123287671233,807.79,0.0
53.65,-0.1999999999999993,,,
53.65,0.05000000000000071,2.868054794520548,841.1,0.0
53.65,0.3000000000000007,,,
53.65,0.5500000000000007,,,
53.65,0.8000000000000007,,,
53.65,1.0500000000000007,,,
53.65,1.3000000000000007,,,
53.65,1.5500000000000007,,,
53.65,1.8000000000000007,,,
53.9,-8.2,2.6034794520547946,755.49,0.0
53.9,-7.949999999999999,2.5663835616438355,743.27,0.0
53.9,-7.699999999999999,2.5690136986301373,744.29,0.0
53.9,-7.449999999999999,2.5957534246575342,752.43,0.0
53.9,-7.199999999999999,2.583945205479452,749.67,0.0
53.9,-6.949999999999999,2.6286027397260274,763.05,0.0
53.9,-6.699999999999999,2.687780821917808,778.52,0.0
53.9,-6.449999999999999,2.7467123287671233,796.11,0.0
53.9,-6.199999999999999,,,
53.9,-5.949999999999999,,,
53.9,-5.699999999999999,,,
53.9,-5.449999999999999,,,
53.9,-5.199999999999999,,,
53.9,-4.949999999999999,,,
53.9,-4.699999999999999,,,
53.9,-4.449999999999999,,,
53.9,-4.199999999999999,,,
53.9,-3.9499999999999993,,,
53.9,-3.6999999999999993,,,
53.9,-3.4499999999999993,,,
53.9,-3.1999999999999993,,,
53.9,-2.9499999999999993,2.844246575342466,829.92,0.0
53.9,-2.6999999999999993,2.608684931506849,757.59,0.0
53.9,-2.4499999999999993,2.600931506849315,756.02,0.0
53.9,-2.1999999999999993,2.540931506849315,738.32,0.0
53.9,-1.9499999999999993,2.611972602739726,760.41,0.0
53.9,-1.6999999999999993,2.6176986301369864,762.76,0.0
53.9,-1.4499999999999993,2.6931506849315068,779.77,0.0
53.9,-1.1999999999999993,2.739068493150685,792.36,0.0
53.9,-0.9499999999999993,2.7492876712328767,795.16,0.0
53.9,-0.6999999999999993,2.7416164383561648,793.89,0.0
53.9,-0.4499999999999993,2.794246575342466,811.42,0.0
53.9,-0.1999999999999993,2.8518082191780825,830.87,0.0
53.9,0.05000000000000071,,,
53.9,0.3000000000000007,,,
53.9,0.5500000000000007,,,
53.9,0.8000000000000007,,,
53.9,1.0500000000000007,,,
53.9,1.3000000000000007,,,
53.9,1.5500000000000007,,,
53.9,1.8000000000000007,,,
54.15,-8.2,2.4804931506849317,718.03,0.0
54.15,-7.949999999999999,2.4254246575342466,702.27,0.0
54.15,-7.699999999999999,2.4946849315068493,721.8,0.0
54.15,-7.449999999999999,2.5205205479452055,728.26,0.0
54.15,-7.199999999999999,2.5565205479452056,740.34,0.0
54.15,-6.949999999999999,2.5693698630136987,744.68,0.0
54.15,-6.699999999999999,2.5932876712328765,752.09,0.0
54.15,-6.449999999999999,2.581342465753425,748.25,0.0
54.15,-6.199999999999999,2.592054794520548,756.31,0.0
54.15,-5.949999999999999,2.690849315068493,790.25,0.0
54.15,-5.699999999999999,,,
54.15,-5.449999999999999,,,
54.15,-5.199999999999999,,,
54.15,-4.949999999999999,,,
54.15,-4.699999999999999,2.889890410958904,854.31,0.0
54.15,-4.449999999999999,,,
54.15,-4.199999999999999,,,
54.15,-3.9499999999999993,,,
54.15,-3.6999999999999993,,,
54.15,-3.4499999999999993,,,
54.15,-3.1999999999999993,2.8826301369863017,843.44,0.0
54.15,-2.9499999999999993,,,
54.15,-2.6999999999999993,2.633424657534247,766.72,0.0
54.15,-2.4499999999999993,2.561808219178082,748.44,0.0
54.15,-2.1999999999999993,2.4343013698630136,710.92,0.0
54.15,-1.9499999999999993,2.4944657534246577,727.58,0.0
54.15,-1.6999999999999993,2.6475616438356164,771.23,0.0
54.15,-1.4499999999999993,2.702,781.83,0.0
54.15,-1.1999999999999993,2.7055616438356163,782.73,0.0
54.15,-0.9499999999999993,2.705753424657534,782.77,0.0
54.15,-0.6999999999999993,2.737178082191781,794.41,0.0
54.15,-0.4499999999999993,2.792712328767123,813.66,0.0
54.15,-0.1999999999999993,2.811342465753425,820.82,0.0
54.15,0.05000000000000071,,,
54.15,0.3000000000000007,,,
54.15,0.5500000000000007,,,
54.15,0.8000000000000007,,,
54.15,1.0500000000000007,,,
54.15,1.3000000000000007,,,
54.15,1.5500000000000007,,,
54.15,1.8000000000000007,,,
54.4,-8.2,2.406876712328767,700.17,0.0
54.4,-7.949999999999999,2.38613698630137,690.93,0.0
54.4,-7.699999999999999,2.4616986301369863,712.48,0.0
54.4,-7.449999999999999,2.4868493150684934,720.19,0.0
54.4,-7.199999999999999,2.4963287671232877,723.93,0.0
54.4,-6.949999999999999,2.5483287671232877,738.61,0.0
54.4,-6.699999999999999,2.5803287671232877,747.35,0.0
54.4,-6.449999999999999,2.604054794520548,753.45,0.0
54.4,-6.199999999999999,2.5975342465753424,752.21,0.0
54.4,-5.949999999999999,2.6588767123287673,771.8,0.0
54.4,-5.699999999999999,2.7494794520547945,799.04,0.0
54.4,-5.449999999999999,,,
54.4,-5.199999999999999,,,
54.4,-4.949999999999999,,,
54.4,-4.699999999999999,,,
54.4,-4.449999999999999,2.8733698630136986,850.1,0.0
54.4,-4.199999999999999,,,
54.4,-3.9499999999999993,,,
54.4,-3.6999999999999993,,,
54.4,-3.4499999999999993,2.7135342465753425,792.54,0.0
54.4,-3.1999999999999993,2.3937260273972605,696.78,0.0
54.4,-2.9499999999999993,2.515945205479452,730.29,0.0
54.4,-2.6999999999999993,2.4996164383561643,726.78,0.0
54.4,-2.4499999999999993,2.3766849315068495,692.71,0.0
54.4,-2.1999999999999993,2.4488219178082193,716.17,0.0
54.4,-1.9499999999999993,2.5673698630136985,750.09,0.0
54.4,-1.6999999999999993,2.658931506849315,772.05,0.0
54.4,-1.4499999999999993,2.656383561643836,768.64,0.0
54.4,-1.1999999999999993,2.5843835616438353,751.23,0.0
54.4,-0.9499999999999993,2.608986301369863,762.93,0.0
54.4,-0.6999999999999993,2.6187671232876713,765.1,0.0
54.4,-0.4499999999999993,,,
54.4,-0.1999999999999993,,,
54.4,0.05000000000000071,,,
54.4,0.3000000000000007,,,
54.4,0.5500000000000007,,,
54.4,0.8000000000000007,,,
54.4,1.0500000000000007,,,
54.4,1.3000000000000007,,,
54.4,1.5500000000000007,,,
54.4,1.8000000000000007,,,
54.65,-8.2,2.481945205479452,719.28,0.0
54.65,-7.949999999999999,2.4029589041095893,696.19,0.0
54.65,-7.699999999999999,2.4315616438356162,705.69,0.0
54.65,-7.449999999999999,2.4667945205479453,715.55,0.0
54.65,-7.199999999999999,2.4415890410958903,708.75,0.0
54.65,-6.949999999999999,2.5216164383561646,733.0,0.0
54.65,-6.699999999999999,2.587205479452055,749.46,0.0
54.65,-6.449999999999999,2.4404657534246574,703.6,0.0
54.65,-6.199999999999999,2.557095890410959,741.0,0.0
54.65,-5.949999999999999,2.5771506849315067,748.84,0.0
54.65,-5.699999999999999,2.682164383561644,783.84,0.0
54.65,-5.449999999999999,,,
54.65,-5.199999999999999,,,
54.65,-4.949999999999999,,,
54.65,-4.699999999999999,,,
54.65,-4.449999999999999,,,
54.65,-4.199999999999999,,,
54.65,-3.9499999999999993,,,
54.65,-3.6999999999999993,,,
54.65,-3.4499999999999993,2.6458904109589043,772.45,0.0
54.65,-3.1999999999999993,2.372602739726027,691.83,0.0
54.65,-2.9499999999999993,2.486931506849315,726.72,0.0
54.65,-2.6999999999999993,2.5725753424657536,749.04,0.0
54.65,-2.4499999999999993,2.400027397260274,698.19,0.0
54.65,-2.1999999999999993,2.426876712328767,710.71,0.0
54.65,-1.9499999999999993,2.5958082191780822,755.59,0.0
54.65,-1.6999999999999993,2.6377808219178083,765.54,0.0
54.65,-1.4499999999999993,2.6844931506849314,777.77,0.0
54.65,-1.1999999999999993,2.6700273972602737,775.06,0.0
54.65,-0.9499999999999993,,,
54.65,-0.6999999999999993,,,
54.65,-0.4499999999999993,,,
54.65,-0.1999999999999993,,,
54.65,0.05000000000000071,,,
54.65,0.3000000000000007,,,
54.65,0.5500000000000007,,,
54.65,0.8000000000000007,,,
54.65,1.0500000000000007,,,
54.65,1.3000000000000007,,,
54.65,1.5500000000000007,,,
54.65,1.8000000000000007,,,
54.9,-8.2,2.325890410958904,680.69,0.0
54.9,-7.949999999999999,2.4143013698630136,705.74,0.0
54.9,-7.699999999999999,2.4657534246575343,714.98,0.0
54.9,-7.449999999999999,2.4415890410958903,705.73,0.0
54.9,-7.199999999999999,2.410191780821918,700.11,0.0
54.9,-6.949999999999999,2.4110410958904107,702.23,0.0
54.9,-6.699999999999999,2.498219178082192,725.03,0.0
54.9,-6.449999999999999,2.507917808219178,725.43,0.0
54.9,-6.199999999999999,2.499041095890411,726.4,0.0
54.9,-5.949999999999999,2.613972602739726,764.24,0.0
54.9,-5.699999999999999,,,
54.9,-5.449999999999999,,,
54.9,-5.199999999999999,,,
54.9,-4.949999999999999,2.711835616438356,795.85,0.0
54.9,-4.699999999999999,2.688821917808219,783.94,0.0
54.9,-4.449999999999999,2.618849315068493,760.62,0.0
54.9,-4.199999999999999,2.6506027397260277,771.79,0.0
54.9,-3.9499999999999993,2.6843013698630136,780.97,0.0
54.9,-3.6999999999999993,2.6226849315068494,763.89,0.0
54.9,-3.4499999999999993,,,
54.9,-3.1999999999999993,2.678849315068493,776.29,0.0
54.9,-2.9499999999999993,2.6075068493150684,755.26,0.0
54.9,-2.6999999999999993,2.447205479452055,707.99,0.0
54.9,-2.4499999999999993,2.4176986301369863,705.56,0.0
54.9,-2.1999999999999993,2.512767123287671,732.37,0.0
54.9,-1.9499999999999993,2.599150684931507,755.68,0.0
54.9,-1.6999999999999993,2.6345479452054796,764.21,0.0
54.9,-1.4499999999999993,2.695945205479452,782.33,0.0
54.9,-1.1999999999999993,,,
54.9,-0.9499999999999993,,,
54.9,-0.6999999999999993,,,
54.9,-0.4499999999999993,,,
54.9,-0.1999999999999993,,,
54.9,0.05000000000000071,,,
54.9,0.3000000000000007,,,
54.9,0.5500000000000007,,,
54.9,0.8000000000000007,,,
54.9,1.0500000000000007,,,
54.9,1.3000000000000007,,,
54.9,1.5500000000000007,,,
54.9,1.8000000000000007,,,
55.15,-8.2,,,
55.15,-7.949999999999999,2.427041095890411,712.14,0.0
55.15,-7.699999999999999,2.447753424657534,714.19,0.0
55.15,-7.449999999999999,2.4282191780821916,706.49,0.0
55.15,-7.199999999999999,2.4317808219178083,710.91,0.0
55.15,-6.949999999999999,2.4193424657534246,705.14,0.0
55.15,-6.699999999999999,2.5092054794520546,734.73,0.0
55.15,-6.449999999999999,2.4945753424657533,730.23,0.0
55.15,-6.199999999999999,2.529095890410959,743.77,0.0
55.15,-5.949999999999999,,,
55.15,-5.699999999999999,,,
55.15,-5.449999999999999,,,
55.15,-5.199999999999999,,,
55.15,-4.949999999999999,2.5677808219178084,752.81,0.0
55.15,-4.699999999999999,2.448164383561644,713.47,0.0
55.15,-4.449999999999999,2.2911506849315066,666.97,0.0
55.15,-4.199999999999999,2.461945205479452,715.88,0.0
55.15,-3.9499999999999993,2.4779178082191784,718.93,0.0
55.15,-3.6999999999999993,2.5458082191780824,738.72,0.0
55.15,-3.4499999999999993,2.538109589041096,734.93,0.0
55.15,-3.1999999999999993,2.4973972602739725,722.36,0.0
55.15,-2.9499999999999993,2.4594794520547945,712.54,0.0
55.15,-2.6999999999999993,2.295917808219178,665.35,0.0
55.15,-2.4499999999999993,2.4384657534246577,709.31,0.0
55.15,-2.1999999999999993,2.5596712328767124,745.23,0.0
55.15,-1.9499999999999993,2.6265479452054796,763.74,0.0
55.15,-1.6999999999999993,2.6622739726027396,773.44,0.0
55.15,-1.4499999999999993,,,
55.15,-1.1999999999999993,,,
55.15,-0.9499999999999993,,,
55.15,-0.6999999999999993,,,
55.15,-0.4499999999999993,,,
55.15,-0.1999999999999993,,,
55.15,0.05000000000000071,,,
55.15,0.3000000000000007,,,
55.15,0.5500000000000007,,,
55.15,0.8000000000000007,,,
55.15,1.0500000000000007,,,
55.15,1.3000000000000007,,,
55.15,1.5500000000000007,,,
55.15,1.8000000000000007,,,
55.4,-8.2,,,
55.4,-7.949999999999999,,,
55.4,-7.699999999999999,,,
55.4,-7.449999999999999,,,
55.4,-7.199999999999999,,,
55.4,-6.949999999999999,,,
55.4,-6.699999999999999,,,
55.4,-6.449999999999999,,,
55.4,-6.199999999999999,,,
55.4,-5.949999999999999,,,
55.4,-5.699999999999999,2.6063835616438356,772.31,0.0
55.4,-5.449999999999999,,,
55.4,-5.199999999999999,,,
55.4,-4.949999999999999,,,
55.4,-4.699999999999999,2.5456438356164384,744.61,0.0
55.4,-4.449999999999999,2.3496712328767124,683.49,0.0
55.4,-4.199999999999999,2.328109589041096,678.1,0.0
55.4,-3.9499999999999993,2.4326301369863015,709.83,0.0
55.4,-3.6999999999999993,2.337150684931507,681.55,0.0
55.4,-3.4499999999999993,2.297945205479452,670.53,0.0
55.4,-3.1999999999999993,2.3328767123287673,679.1,0.0
55.4,-2.9499999999999993,2.447972602739726,713.88,0.0
55.4,-2.6999999999999993,2.4722191780821916,720.0,0.0
55.4,-2.4499999999999993,2.4836712328767123,724.22,0.0
55.4,-2.1999999999999993,2.4742465753424656,724.13,0.0
55.4,-1.9499999999999993,2.5858082191780825,753.1,0.0
55.4,-1.6999999999999993,2.694246575342466,784.8,0.0
55.4,-1.4499999999999993,,,
55.4,-1.1999999999999993,,,
55.4,-0.9499999999999993,,,
55.4,-0.6999999999999993,,,
55.4,-0.4499999999999993,,,
55.4,-0.1999999999999993,,,
55.4,0.05000000000000071,,,
55.4,0.3000000000000007,,,
55.4,0.5500000000000007,,,
55.4,0.8000000000000007,,,
55.4,1.0500000000000007,,,
55.4,1.3000000000000007,,,
55.4,1.5500000000000007,,,
55.4,1.8000000000000007,,,
55.65,-8.2,,,
55.65,-7.949999999999999,,,
55.65,-7.699999999999999,,,
55.65,-7.449999999999999,,,
55.65,-7.199999999999999,,,
55.65,-6.949999999999999,,,
55.65,-6.699999999999999,,,
55.65,-6.449999999999999,,,
55.65,-6.199999999999999,2.572876712328767,749.65,0.0
55.65,-5.949999999999999,,,
55.65,-5.699999999999999,,,
55.65,-5.449999999999999,,,
55.65,-5.199999999999999,2.3303287671232877,690.97,0.0
55.65,-4.949999999999999,,,
55.65,-4.699999999999999,2.5994520547945204,754.27,0.0
55.65,-4.449999999999999,2.493150684931507,724.9,0.0
55.65,-4.199999999999999,2.3763013698630138,691.59,0.0
55.65,-3.9499999999999993,2.4303013698630136,708.03,0.0
55.65,-3.6999999999999993,2.3952602739726028,697.4,0.0
55.65,-3.4499999999999993,2.3708493150684933,690.27,0.0
55.65,-3.1999999999999993,2.3807671232876713,694.04,0.0
55.65,-2.9499999999999993,2.454383561643836,719.17,0.0
55.65,-2.6999999999999993,2.564821917808219,746.61,0.0
55.65,-2.4499999999999993,2.593095890410959,752.12,0.0
55.65,-2.1999999999999993,2.6236712328767124,762.72,0.0
55.65,-1.9499999999999993,2.622,764.07,0.0
55.65,-1.6999999999999993,,,
55.65,-1.4499999999999993,,,
55.65,-1.1999999999999993,,,
55.65,-0.9499999999999993,,,
55.65,-0.6999999999999993,,,
55.65,-0.4499999999999993,,,
55.65,-0.1999999999999993,,,
55.65,0.05000000000000071,,,
55.65,0.3000000000000007,,,
55.65,0.5500000000000007,,,
55.65,0.8000000000000007,,,
55.65,1.0500000000000007,,,
55.65,1.3000000000000007,,,
55.65,1.5500000000000007,,,
55.65,1.8000000000000007,,,
55.9,-8.2,,,
55.9,-7.949999999999999,,,
55.9,-7.699999999999999,,,
55.9,-7.449999999999999,,,
55.9,-7.199999999999999,,,
55.9,-6.949999999999999,,,
55.9,-6.699999999999999,,,
55.9,-6.449999999999999,,,
55.9,-6.199999999999999,2.5306575342465756,745.92,0.0
55.9,-5.949999999999999,2.4730958904109586,726.79,0.0
55.9,-5.699999999999999,,,
55.9,-5.449999999999999,2.389342465753425,700.38,0.0
55.9,-5.199999999999999,2.471424657534247,722.96,0.0
55.9,-4.949999999999999,2.3405205479452054,681.64,0.0
55.9,-4.699999999999999,2.4803287671232876,720.42,0.0
55.9,-4.449999999999999,2.4743561643835617,717.79,0.0
55.9,-4.199999999999999,2.4649315068493154,713.59,0.0
55.9,-3.9499999999999993,2.403123287671233,695.17,0.0
55.9,-3.6999999999999993,2.439123287671233,707.51,0.0
55.9,-3.4499999999999993,2.444904109589041,710.33,0.0
55.9,-3.1999999999999993,2.5006301369863015,728.39,0.0
55.9,-2.9499999999999993,2.5404109589041095,739.66,0.0
55.9,-2.6999999999999993,2.4815616438356165,724.28,0.0
55.9,-2.4499999999999993,2.597945205479452,761.95,0.0
55.9,-2.1999999999999993,2.6719999999999997,782.71,0.0
55.9,-1.9499999999999993,,,
55.9,-1.6999999999999993,,,
55.9,-1.4499999999999993,,,
55.9,-1.1999999999999993,,,
55.9,-0.9499999999999993,,,
55.9,-0.6999999999999993,,,
55.9,-0.4499999999999993,,,
55.9,-0.1999999999999993,,,
55.9,0.05000000000000071,,,
55.9,0.3000000000000007,,,
55.9,0.5500000000000007,,,
55.9,0.8000000000000007,,,
55.9,1.0500000000000007,,,
55.9,1.3000000000000007,,,
55.9,1.5500000000000007,,,
55.9,1.8000000000000007,,,
56.15,-8.2,,,
56.15,-7.949999999999999,,,
56.15,-7.699999999999999,,,
56.15,-7.449999999999999,,,
56.15,-7.199999999999999,,,
56.15,-6.949999999999999,,,
56.15,-6.699999999999999,,,
56.15,-6.449999999999999,,,
56.15,-6.199999999999999,,,
56.15,-5.949999999999999,,,
56.15,-5.699999999999999,,,
56.15,-5.449999999999999,2.23,652.05,0.0
56.15,-5.199999999999999,2.223945205479452,646.16,0.0
56.15,-4.949999999999999,2.1775342465753424,634.82,0.0
56.15,-4.699999999999999,2.2923561643835617,663.61,0.0
56.15,-4.449999999999999,2.385890410958904,691.22,0.0
56.15,-4.199999999999999,2.4387945205479453,708.87,0.0
56.15,-3.9499999999999993,2.48972602739726,722.51,0.0
56.15,-3.6999999999999993,2.4715342465753425,715.85,0.0
56.15,-3.4499999999999993,2.535698630136986,735.85,0.0
56.15,-3.1999999999999993,2.592301369863014,753.27,0.0
56.15,-2.9499999999999993,,,
56.15,-2.6999999999999993,,,
56.15,-2.4499999999999993,,,
56.15,-2.1999999999999993,,,
56.15,-1.9499999999999993,,,
56.15,-1.6999999999999993,,,
56.15,-1.4499999999999993,,,
56.15,-1.1999999999999993,,,
56.15,-0.9499999999999993,,,
56.15,-0.6999999999999993,,,
56.15,-0.4499999999999993,,,
56.15,-0.1999999999999993,,,
56.15,0.05000000000000071,,,
56.15,0.3000000000000007,,,
56.15,0.5500000000000007,,,
56.15,0.8000000000000007,,,
56.15,1.0500000000000007,,,
56.15,1.3000000000000007,,,
56.15,1.5500000000000007,,,
56.15,1.8000000000000007,,,
56.4,-8.2,,,
56.4,-7.949999999999999,,,
56.4,-7.699999999999999,,,
56.4,-7.449999999999999,,,
56.4,-7.199999999999999,,,
56.4,-6.949999999999999,,,
56.4,-6.699999999999999,,,
56.4,-6.449999999999999,,,
56.4,-6.199999999999999,,,
56.4,-5.949999999999999,2.3711506849315067,697.64,0.0
56.4,-5.699999999999999,2.3080273972602736,673.45,0.0
56.4,-5.449999999999999,2.315123287671233,672.17,0.0
56.4,-5.199999999999999,2.253041095890411,654.46,0.0
56.4,-4.949999999999999,2.137753424657534,621.15,0.0
56.4,-4.699999999999999,2.0792602739726025,606.09,0.0
56.4,-4.449999999999999,2.259178082191781,661.02,0.0
56.4,-4.199999999999999,2.3223287671232877,677.97,0.0
56.4,-3.9499999999999993,2.4088219178082193,702.31,0.0
56.4,-3.6999999999999993,2.513808219178082,731.61,0.0
56.4,-3.4499999999999993,2.5354520547945207,734.26,0.0
56.4,-3.1999999999999993,2.583123287671233,747.57,0.0
56.4,-2.9499999999999993,2.6374520547945206,766.21,0.0
56.4,-2.6999999999999993,,,
56.4,-2.4499999999999993,,,
56.4,-2.1999999999999993,,,
56.4,-1.9499999999999993,,,
56.4,-1.6999999999999993,,,
56.4,-1.4499999999999993,,,
56.4,-1.1999999999999993,,,
56.4,-0.9499999999999993,,,
56.4,-0.6999999999999993,,,
56.4,-0.4499999999999993,,,
56.4,-0.1999999999999993,,,
56.4,0.05000000000000071,,,
56.4,0.3000000000000007,,,
56.4,0.5500000000000007,,,
56.4,0.8000000000000007,,,
56.4,1.0500000000000007,,,
56.4,1.3000000000000007,,,
56.4,1.5500000000000007,,,
56.4,1.8000000000000007,,,
56.65,-8.2,,,
56.65,-7.949999999999999,,,
56.65,-7.699999999999999,,,
56.65,-7.449999999999999,,,
56.65,-7.199999999999999,,,
56.65,-6.949999999999999,,,
56.65,-6.699999999999999,,,
56.65,-6.449999999999999,,,
56.65,-6.199999999999999,,,
56.65,-5.949999999999999,2.2673698630136987,660.86,0.0
56.65,-5.699999999999999,2.2547123287671234,657.61,0.0
56.65,-5.449999999999999,2.068191780821918,595.65,0.0
56.65,-5.199999999999999,2.06972602739726,598.29,0.0
56.65,-4.949999999999999,2.031369863013699,590.99,0.0
56.65,-4.699999999999999,2.1831232876712328,636.54,0.0
56.65,-4.449999999999999,2.222,650.48,0.0
56.65,-4.199999999999999,2.2773424657534247,667.31,0.0
56.65,-3.9499999999999993,2.343424657534247,685.57,0.0
56.65,-3.6999999999999993,2.4056986301369863,701.74,0.0
56.65,-3.4499999999999993,2.452958904109589,715.13,0.0
56.65,-3.1999999999999993,2.5654246575342468,744.36,0.0
56.65,-2.9499999999999993,2.5804931506849313,749.48,0.0
56.65,-2.6999999999999993,2.6256438356164384,764.94,0.0
56.65,-2.4499999999999993,,,
56.65,-2.1999999999999993,,,
56.65,-1.9499999999999993,,,
56.65,-1.6999999999999993,,,
56.65,-1.4499999999999993,,,
56.65,-1.1999999999999993,,,
56.65,-0.9499999999999993,,,
56.65,-0.6999999999999993,,,
56.65,-0.4499999999999993,,,
56.65,-0.1999999999999993,,,
56.65,0.05000000000000071,,,
56.65,0.3000000000000007,,,
56.65,0.5500000000000007,,,
56.65,0.8000000000000007,,,
56.65,1.0500000000000007,,,
56.65,1.3000000000000007,,,
56.65,1.5500000000000007,,,
56.65,1.8000000000000007,,,
56.9,-8.2,,,
56.9,-7.949999999999999,,,
56.9,-7.699999999999999,,,
56.9,-7.449999999999999,,,
56.9,-7.199999999999999,,,
56.9,-6.949999999999999,,,
56.9,-6.699999999999999,,,
56.9,-6.449999999999999,,,
56.9,-6.199999999999999,2.334739726027397,677.3,0.0
56.9,-5.949999999999999,,,
56.9,-5.699999999999999,2.0966027397260274,608.59,0.0
56.9,-5.449999999999999,1.9455616438356165,563.54,0.0
56.9,-5.199999999999999,2.1797534246575343,634.64,0.0
56.9,-4.949999999999999,2.1586575342465752,627.88,0.0
56.9,-4.699999999999999,2.146904109589041,627.1,0.0
56.9,-4.449999999999999,2.0596712328767124,604.16,0.0
56.9,-4.199999999999999,2.2646027397260275,664.81,0.0
56.9,-3.9499999999999993,2.237972602739726,657.22,0.0
56.9,-3.6999999999999993,2.2192054794520546,654.81,0.0
56.9,-3.4499999999999993,2.23413698630137,659.34,0.0
56.9,-3.1999999999999993,2.2547671232876714,665.93,0.0
56.9,-2.9499999999999993,2.310739726027397,680.72,0.0
56.9,-2.6999999999999993,2.414931506849315,706.63,0.0
56.9,-2.4499999999999993,2.587972602739726,755.09,0.0
56.9,-2.1999999999999993,,,
56.9,-1.9499999999999993,,,
56.9,-1.6999999999999993,,,
56.9,-1.4499999999999993,,,
56.9,-1.1999999999999993,,,
56.9,-0.9499999999999993,,,
56.9,-0.6999999999999993,,,
56.9,-0.4499999999999993,,,
56.9,-0.1999999999999993,,,
56.9,0.05000000000000071,,,
56.9,0.3000000000000007,,,
56.9,0.5500000000000007,,,
56.9,0.8000000000000007,,,
56.9,1.0500000000000007,,,
56.9,1.3000000000000007,,,
56.9,1.5500000000000007,,,
56.9,1.8000000000000007,,,
57.15,-8.2,,,
57.15,-7.949999999999999,,,
57.15,-7.699999999999999,,,
57.15,-7.449999999999999,,,
57.15,-7.199999999999999,,,
57.15,-6.949999999999999,,,
57.15,-6.699999999999999,,,
57.15,-6.449999999999999,,,
57.15,-6.199999999999999,2.29413698630137,668.77,0.0
57.15,-5.949999999999999,,,
57.15,-5.699999999999999,,,
57.15,-5.449999999999999,2.036082191780822,590.75,0.0
57.15,-5.199999999999999,2.1402191780821918,624.79,0.0
57.15,-4.949999999999999,2.2128493150684934,644.36,0.0
57.15,-4.699999999999999,2.1625753424657534,631.15,0.0
57.15,-4.449999999999999,2.1442191780821918,626.56,0.0
57.15,-4.199999999999999,2.2707671232876714,665.42,0.0
57.15,-3.9499999999999993,2.2814520547945207,666.91,0.0
57.15,-3.6999999999999993,2.1225205479452054,619.93,0.0
57.15,-3.4499999999999993,2.2374246575342465,656.8,0.0
57.15,-3.1999999999999993,2.2613698630136985,664.32,0.0
57.15,-2.9499999999999993,2.3914246575342464,696.81,0.0
57.15,-2.6999999999999993,2.394027397260274,696.16,0.0
57.15,-2.4499999999999993,2.4267397260273973,704.5,0.0
57.15,-2.1999999999999993,2.511068493150685,732.77,0.0
57.15,-1.9499999999999993,,,
57.15,-1.6999999999999993,,,
57.15,-1.4499999999999993,,,
57.15,-1.1999999999999993,,,
57.15,-0.9499999999999993,,,
57.15,-0.6999999999999993,,,
57.15,-0.4499999999999993,,,
57.15,-0.1999999999999993,,,
57.15,0.05000000000000071,,,
57.15,0.3000000000000007,,,
57.15,0.5500000000000007,,,
57.15,0.8000000000000007,,,
57.15,1.0500000000000007,,,
57.15,1.3000000000000007,,,
57.15,1.5500000000000007,,,
57.15,1.8000000000000007,,,
57.4,-8.2,,,
57.4,-7.949999999999999,,,
57.4,-7.699999999999999,,,
57.4,-7.449999999999999,,,
57.4,-7.199999999999999,2.3504657534246576,691.98,0.0
57.4,-6.949999999999999,,,
57.4,-6.699999999999999,2.365917808219178,693.73,0.0
57.4,-6.449999999999999,2.274301369863014,664.57,0.0
57.4,-6.199999999999999,2.1986027397260273,643.42,0.0
57.4,-5.949999999999999,,,
57.4,-5.699999999999999,2.1541917808219178,626.53,0.0
57.4,-5.449999999999999,2.096082191780822,609.08,0.0
57.4,-5.199999999999999,2.0337534246575344,592.61,0.0
57.4,-4.949999999999999,2.2251232876712326,653.92,0.0
57.4,-4.699999999999999,2.319232876712329,677.29,0.0
57.4,-4.449999999999999,2.290876712328767,664.91,0.0
57.4,-4.199999999999999,2.3077260273972606,670.86,0.0
57.4,-3.9499999999999993,2.3281917808219177,677.6,0.0
57.4,-3.6999999999999993,2.3187123287671234,674.38,0.0
57.4,-3.4499999999999993,2.3108493150684932,670.81,0.0
57.4,-3.1999999999999993,2.2483561643835617,653.28,0.0
57.4,-2.9499999999999993,2.307232876712329,673.09,0.0
57.4,-2.6999999999999993,2.4006575342465752,698.13,0.0
57.4,-2.4499999999999993,2.455068493150685,712.31,0.0
57.4,-2.1999999999999993,2.4872876712328766,723.52,0.0
57.4,-1.9499999999999993,2.4385753424657537,709.95,0.0
57.4,-1.6999999999999993,,,
57.4,-1.4499999999999993,,,
57.4,-1.1999999999999993,,,
57.4,-0.9499999999999993,,,
57.4,-0.6999999999999993,,,
57.4,-0.4499999999999993,,,
57.4,-0.1999999999999993,,,
57.4,0.05000000000000071,,,
57.4,0.3000000000000007,,,
57.4,0.5500000000000007,,,
57.4,0.8000000000000007,,,
57.4,1.0500000000000007,,,
57.4,1.3000000000000007,,,
57.4,1.5500000000000007,,,
57.4,1.8000000000000007,,,
57.65,-8.2,,,
57.65,-7.949999999999999,,,
57.65,-7.699999999999999,,,
57.65,-7.449999999999999,2.4731232876712332,731.87,0.0
57.65,-7.199999999999999,2.351232876712329,690.93,0.0
57.65,-6.949999999999999,,,
57.65,-6.699999999999999,,,
57.65,-6.449999999999999,,,
57.65,-6.199999999999999,,,
57.65,-5.949999999999999,,,
57.65,-5.699999999999999,2.148493150684932,624.92,0.0
57.65,-5.449999999999999,2.081780821917808,606.34,0.0
57.65,-5.199999999999999,2.157123287671233,627.31,0.0
57.65,-4.949999999999999,2.225013698630137,649.6,0.0
57.65,-4.699999999999999,2.2653424657534247,659.7,0.0
57.65,-4.449999999999999,2.377342465753425,691.21,0.0
57.65,-4.199999999999999,2.409205479452055,698.07,0.0
57.65,-3.9499999999999993,,,
57.65,-3.6999999999999993,2.4126575342465753,700.97,0.0
57.65,-3.4499999999999993,2.43986301369863,710.87,0.0
57.65,-3.1999999999999993,2.405013698630137,700.17,0.0
57.65,-2.9499999999999993,2.388219178082192,695.28,0.0
57.65,-2.6999999999999993,2.446164383561644,713.75,0.0
57.65,-2.4499999999999993,2.459205479452055,718.37,0.0
57.65,-2.1999999999999993,2.476054794520548,724.31,0.0
57.65,-1.9499999999999993,2.522657534246575,739.02,0.0
57.65,-1.6999999999999993,,,
57.65,-1.4499999999999993,,,
57.65,-1.1999999999999993,,,
57.65,-0.9499999999999993,,,
57.65,-0.6999999999999993,,,
57.65,-0.4499999999999993,,,
57.65,-0.1999999999999993,,,
57.65,0.05000000000000071,,,
57.65,0.3000000000000007,,,
57.65,0.5500000000000007,,,
57.65,0.8000000000000007,,,
57.65,1.0500000000000007,,,
57.65,1.3000000000000007,,,
57.65,1.5500000000000007,,,
57.65,1.8000000000000007,,,
57.9,-8.2,,,
57.9,-7.949999999999999,,,
57.9,-7.699999999999999,,,
57.9,-7.449999999999999,,,
57.9,-7.199999999999999,,,
57.9,-6.949999999999999,2.327780821917808,678.86,0.0
57.9,-6.699999999999999,2.2722465753424657,659.66,0.0
57.9,-6.449999999999999,,,
57.9,-6.199999999999999,,,
57.9,-5.949999999999999,,,
57.9,-5.699999999999999,,,
57.9,-5.449999999999999,,,
57.9,-5.199999999999999,,,
57.9,-4.949999999999999,2.110219178082192,613.75,0.0
57.9,-4.699999999999999,2.1793150684931506,638.42,0.0
57.9,-4.449999999999999,2.2979178082191782,669.85,0.0
57.9,-4.199999999999999,2.3683013698630138,687.88,0.0
57.9,-3.9499999999999993,,,
57.9,-3.6999999999999993,,,
57.9,-3.4499999999999993,,,
57.9,-3.1999999999999993,,,
57.9,-2.9499999999999993,,,
57.9,-2.6999999999999993,,,
57.9,-2.4499999999999993,,,
57.9,-2.1999999999999993,,,
57.9,-1.9499999999999993,,,
57.9,-1.6999999999999993,,,
57.9,-1.4499999999999993,,,
57.9,-1.1999999999999993,,,
57.9,-0.9499999999999993,,,
57.9,-0.6999999999999993,,,
57.9,-0.4499999999999993,,,
57.9,-0.1999999999999993,,,
57.9,0.05000000000000071,,,
57.9,0.3000000000000007,,,
57.9,0.5500000000000007,,,
57.9,0.8000000000000007,,,
57.9,1.0500000000000007,,,
57.9,1.3000000000000007,,,
57.9,1.5500000000000007,,,
57.9,1.8000000000000007,,,
58.15,-8.2,,,
58.15,-7.949999999999999,,,
58.15,-7.699999999999999,,,
58.15,-7.449999999999999,,,
58.15,-7.199999999999999,,,
58.15,-6.949999999999999,2.2329863013698628,653.52,0.0
58.15,-6.699999999999999,2.2815342465753425,665.64,0.0
58.15,-6.449999999999999,2.2777260273972604,661.58,0.0
58.15,-6.199999999999999,,,
58.15,-5.949999999999999,,,
58.15,-5.699999999999999,,,
58.15,-5.449999999999999,,,
58.15,-5.199999999999999,2.129917808219178,620.32,0.0
58.15,-4.949999999999999,2.138027397260274,624.15,0.0
58.15,-4.699999999999999,2.2185753424657535,646.79,0.0
58.15,-4.449999999999999,2.252849315068493,655.29,0.0
58.15,-4.199999999999999,2.352547945205479,686.52,0.0
58.15,-3.9499999999999993,2.340712328767123,682.11,0.0
58.15,-3.6999999999999993,2.372054794520548,692.17,0.0
58.15,-3.4499999999999993,,,
58.15,-3.1999999999999993,,,
58.15,-2.9499999999999993,,,
58.15,-2.6999999999999993,,,
58.15,-2.4499999999999993,,,
58.15,-2.1999999999999993,,,
58.15,-1.9499999999999993,,,
58.15,-1.6999999999999993,,,
58.15,-1.4499999999999993,,,
58.15,-1.1999999999999993,,,
58.15,-0.9499999999999993,,,
58.15,-0.6999999999999993,,,
58.15,-0.4499999999999993,,,
58.15,-0.1999999999999993,,,
58.15,0.05000000000000071,,,
58.15,0.3000000000000007,,,
58.15,0.5500000000000007,,,
58.15,0.8000000000000007,,,
58.15,1.0500000000000007,,,
58.15,1.3000000000000007,,,
58.15,1.5500000000000007,,,
58.15,1.8000000000000007,,,
58.4,-8.2,,,
58.4,-7.949999999999999,,,
58.4,-7.699999999999999,,,
58.4,-7.449999999999999,,,
58.4,-7.199999999999999,,,
58.4,-6.949999999999999,,,
58.4,-6.699999999999999,,,
58.4,-6.449999999999999,2.327287671232877,684.44,0.0
58.4,-6.199999999999999,2.2656712328767123,663.4,0.0
58.4,-5.949999999999999,,,
58.4,-5.699999999999999,,,
58.4,-5.449999999999999,,,
58.4,-5.199999999999999,,,
58.4,-4.949999999999999,2.045835616438356,595.18,0.0
58.4,-4.699999999999999,2.158164383561644,631.41,0.0
58.4,-4.449999999999999,2.1282465753424655,622.73,0.0
58.4,-4.199999999999999,2.239945205479452,655.27,0.0
58.4,-3.9499999999999993,2.2920000000000003,669.63,0.0
58.4,-3.6999999999999993,2.3082739726027395,674.33,0.0
58.4,-3.4499999999999993,2.374821917808219,694.46,0.0
58.4,-3.1999999999999993,2.389945205479452,699.29,0.0
58.4,-2.9499999999999993,,,
58.4,-2.6999999999999993,,,
58.4,-2.4499999999999993,,,
58.4,-2.1999999999999993,,,
58.4,-1.9499999999999993,,,
58.4,-1.6999999999999993,,,
58.4,-1.4499999999999993,,,
58.4,-1.1999999999999993,,,
58.4,-0.9499999999999993,,,
58.4,-0.6999999999999993,,,
58.4,-0.4499999999999993,,,
58.4,-0.1999999999999993,,,
58.4,0.05000000000000071,,,
58.4,0.3000000000000007,,,
58.4,0.5500000000000007,,,
58.4,0.8000000000000007,,,
58.4,1.0500000000000007,,,
58.4,1.3000000000000007,,,
58.4,1.5500000000000007,,,
58.4,1.8000000000000007,,,
58.65,-8.2,,,
58.65,-7.949999999999999,,,
58.65,-7.699999999999999,,,
58.65,-7.449999999999999,,,
58.65,-7.199999999999999,,,
58.65,-6.949999999999999,,,
58.65,-6.699999999999999,,,
58.65,-6.449999999999999,,,
58.65,-6.199999999999999,,,
58.65,-5.949999999999999,,,
58.65,-5.699999999999999,,,
58.65,-5.449999999999999,,,
58.65,-5.199999999999999,,,
58.65,-4.949999999999999,,,
58.65,-4.699999999999999,,,
58.65,-4.449999999999999,,,
58.65,-4.199999999999999,,,
58.65,-3.9499999999999993,,,
58.65,-3.6999999999999993,,,
58.65,-3.4499999999999993,,,
58.65,-3.1999999999999993,2.3463835616438353,687.37,0.0
58.65,-2.9499999999999993,,,
58.65,-2.6999999999999993,,,
58.65,-2.4499999999999993,,,
58.65,-2.1999999999999993,,,
58.65,-1.9499999999999993,,,
58.65,-1.6999999999999993,,,
58.65,-1.4499999999999993,,,
58.65,-1.1999999999999993,,,
58.65,-0.9499999999999993,,,
58.65,-0.6999999999999993,,,
58.65,-0.4499999999999993,,,
58.65,-0.1999999999999993,,,
58.65,0.05000000000000071,,,
58.65,0.3000000000000007,,,
58.65,0.5500000000000007,,,
58.65,0.8000000000000007,,,
58.65,1.0500000000000007,,,
58.65,1.3000000000000007,,,
58.65,1.5500000000000007,,,
58.65,1.8000000000000007,,,
58.9,-8.2,,,
58.9,-7.949999999999999,,,
58.9,-7.699999999999999,,,
58.9,-7.449999999999999,,,
58.9,-7.199999999999999,,,
58.9,-6.949999999999999,,,
58.9,-6.699999999999999,,,
58.9,-6.449999999999999,,,
58.9,-6.199999999999999,,,
58.9,-5.949999999999999,,,
58.9,-5.699999999999999,,,
58.9,-5.449999999999999,,,
58.9,-5.199999999999999,,,
58.9,-4.949999999999999,,,
58.9,-4.699999999999999,,,
58.9,-4.449999999999999,,,
58.9,-4.199999999999999,,,
58.9,-3.9499999999999993,,,
58.9,-3.6999999999999993,,,
58.9,-3.4499999999999993,,,
58.9,-3.1999999999999993,,,
58.9,-2.9499999999999993,,,
58.9,-2.6999999999999993,2.29613698630137,678.41,0.0
58.9,-2.4499999999999993,,,
58.9,-2.1999999999999993,,,
58.9,-1.9499999999999993,,,
58.9,-1.6999999999999993,,,
58.9,-1.4499999999999993,,,
58.9,-1.1999999999999993,,,
58.9,-0.9499999999999993,,,
58.9,-0.6999999999999993,,,
58.9,-0.4499999999999993,,,
58.9,-0.1999999999999993,,,
58.9,0.05000000000000071,,,
58.9,0.3000000000000007,,,
58.9,0.5500000000000007,,,
58.9,0.8000000000000007,,,
58.9,1.0500000000000007,,,
58.9,1.3000000000000007,,,
58.9,1.5500000000000007,,,
58.9,1.8000000000000007,,,
59.15,-8.2,,,
59.15,-7.949999999999999,,,
59.15,-7.699999999999999,,,
59.15,-7.449999999999999,,,
59.15,-7.199999999999999,,,
59.15,-6.949999999999999,,,
59.15,-6.699999999999999,,,
59.15,-6.449999999999999,,,
59.15,-6.199999999999999,,,
59.15,-5.949999999999999,,,
59.15,-5.699999999999999,,,
59.15,-5.449999999999999,,,
59.15,-5.199999999999999,,,
59.15,-4.949999999999999,,,
59.15,-4.699999999999999,,,
59.15,-4.449999999999999,,,
59.15,-4.199999999999999,,,
59.15,-3.9499999999999993,,,
59.15,-3.6999999999999993,,,
59.15,-3.4499999999999993,,,
59.15,-3.1999999999999993,2.292164383561644,679.94,0.0
59.15,-2.9499999999999993,,,
59.15,-2.6999999999999993,,,
59.15,-2.4499999999999993,,,
59.15,-2.1999999999999993,,,
59.15,-1.9499999999999993,,,
59.15,-1.6999999999999993,,,
59.15,-1.4499999999999993,,,
59.15,-1.1999999999999993,,,
59.15,-0.9499999999999993,,,
59.15,-0.6999999999999993,,,
59.15,-0.4499999999999993,,,
59.15,-0.1999999999999993,,,
59.15,0.05000000000000071,,,
59.15,0.3000000000000007,,,
59.15,0.5500000000000007,,,
59.15,0.8000000000000007,,,
59.15,1.0500000000000007,,,
59.15,1.3000000000000007,,,
59.15,1.5500000000000007,,,
59.15,1.8000000000000007,,,
59.4,-8.2,,,
59.4,-7.949999999999999,,,
59.4,-7.699999999999999,,,
59.4,-7.449999999999999,,,
59.4,-7.199999999999999,,,
59.4,-6.949999999999999,,,
59.4,-6.699999999999999,,,
59.4,-6.449999999999999,,,
59.4,-6.199999999999999,,,
59.4,-5.949999999999999,,,
59.4,-5.699999999999999,,,
59.4,-5.449999999999999,,,
59.4,-5.199999999999999,,,
59.4,-4.949999999999999,,,
59.4,-4.699999999999999,,,
59.4,-4.449999999999999,,,
59.4,-4.199999999999999,,,
59.4,-3.9499999999999993,,,
59.4,-3.6999999999999993,,,
59.4,-3.4499999999999993,,,
59.4,-3.1999999999999993,,,
59.4,-2.9499999999999993,,,
59.4,-2.6999999999999993,,,
59.4,-2.4499999999999993,,,
59.4,-2.1999999999999993,,,
59.4,-1.9499999999999993,,,
59.4,-1.6999999999999993,,,
59.4,-1.4499999999999993,,,
59.4,-1.1999999999999993,,,
59.4,-0.9499999999999993,,,
59.4,-0.6999999999999993,,,
59.4,-0.4499999999999993,,,
59.4,-0.1999999999999993,,,
59.4,0.05000000000000071,,,
59.4,0.3000000000000007,,,
59.4,0.5500000000000007,,,
59.4,0.8000000000000007,,,
59.4,1.0500000000000007,,,
59.4,1.3000000000000007,,,
59.4,1.5500000000000007,,,
59.4,1.8000000000000007,,,
59.65,-8.2,,,
59.65,-7.949999999999999,,,
59.65,-7.699999999999999,,,
59.65,-7.449999999999999,,,
59.65,-7.199999999999999,,,
59.65,-6.949999999999999,,,
59.65,-6.699999999999999,,,
59.65,-6.449999999999999,,,
59.65,-6.199999999999999,,,
59.65,-5.949999999999999,,,
59.65,-5.699999999999999,,,
59.65,-5.449999999999999,,,
59.65,-5.199999999999999,,,
59.65,-4.949999999999999,,,
59.65,-4.699999999999999,,,
59.65,-4.449999999999999,,,
59.65,-4.199999999999999,,,
59.65,-3.9499999999999993,,,
59.65,-3.6999999999999993,,,
59.65,-3.4499999999999993,,,
59.65,-3.1999999999999993,,,
59.65,-2.9499999999999993,,,
59.65,-2.6999999999999993,,,
59.65,-2.4499999999999993,,,
59.65,-2.1999999999999993,,,
59.65,-1.9499999999999993,,,
59.65,-1.6999999999999993,,,
59.65,-1.4499999999999993,,,
59.65,-1.1999999999999993,,,
59.65,-0.9499999999999993,,,
59.65,-0.6999999999999993,,,
59.65,-0.4499999999999993,,,
59.65,-0.1999999999999993,,,
59.65,0.05000000000000071,,,
59.65,0.3000000000000007,,,
59.65,0.5500000000000007,,,
59.65,0.8000000000000007,,,
59.65,1.0500000000000007,,,
59.65,1.3000000000000007,,,
59.65,1.5500000000000007,,,
59.65,1.8000000000000007,,,
59.9,-8.2,,,
59.9,-7.949999999999999,,,
59.9,-7.699999999999999,,,
59.9,-7.449999999999999,,,
59.9,-7.199999999999999,,,
59.9,-6.949999999999999,,,
59.9,-6.699999999999999,,,
59.9,-6.449999999999999,,,
59.9,-6.199999999999999,,,
59.9,-5.949999999999999,,,
59.9,-5.699999999999999,,,
59.9,-5.449999999999999,,,
59.9,-5.199999999999999,,,
59.9,-4.949999999999999,,,
59.9,-4.699999999999999,,,
59.9,-4.449999999999999,,,
59.9,-4.199999999999999,,,
59.9,-3.9499999999999993,,,
59.9,-3.6999999999999993,,,
59.9,-3.4499999999999993,,,
59.9,-3.1999999999999993,,,
59.9,-2.9499999999999993,,,
59.9,-2.6999999999999993,,,
59.9,-2.4499999999999993,,,
59.9,-2.1999999999999993,,,
59.9,-1.9499999999999993,,,
59.9,-1.6999999999999993,,,
59.9,-1.4499999999999993,,,
59.9,-1.1999999999999993,,,
59.9,-0.9499999999999993,,,
59.9,-0.6999999999999993,,,
59.9,-0.4499999999999993,,,
59.9,-0.1999999999999993,,,
59.9,0.05000000000000071,,,
59.9,0.3000000000000007,,,
59.9,0.5500000000000007,,,
59.9,0.8000000000000007,,,
59.9,1.0500000000000007,,,
59.9,1.3000000000000007,,,
59.9,1.5500000000000007,,,
59.9,1.8000000000000007,,,
60.15,-8.2,2.172986301369863,632.73,0.0
60.15,-7.949999999999999,2.175890410958904,633.67,0.0
60.15,-7.699999999999999,2.1784383561643836,634.45,0.0
60.15,-7.449999999999999,2.182191780821918,635.57,0.0
60.15,-7.199999999999999,2.178739726027397,634.43,0.0
60.15,-6.949999999999999,2.176931506849315,633.8,0.0
60.15,-6.699999999999999,2.175808219178082,633.26,0.0
60.15,-6.449999999999999,2.1756438356164383,633.28,0.0
60.15,-6.199999999999999,2.1822739726027396,635.3,0.0
60.15,-5.949999999999999,2.183232876712329,635.44,0.0
60.15,-5.699999999999999,2.1818356164383563,634.94,0.0
60.15,-5.449999999999999,2.1816986301369865,634.86,0.0
60.15,-5.199999999999999,2.178849315068493,633.77,0.0
60.15,-4.949999999999999,,,
60.15,-4.699999999999999,,,
60.15,-4.449999999999999,,,
60.15,-4.199999999999999,,,
60.15,-3.9499999999999993,,,
60.15,-3.6999999999999993,,,
60.15,-3.4499999999999993,,,
60.15,-3.1999999999999993,,,
60.15,-2.9499999999999993,,,
60.15,-2.6999999999999993,,,
60.15,-2.4499999999999993,2.219945205479452,646.37,0.0
60.15,-2.1999999999999993,2.229890410958904,649.42,0.0
60.15,-1.9499999999999993,2.2344931506849317,650.97,0.0
60.15,-1.6999999999999993,2.238,652.04,0.0
60.15,-1.4499999999999993,2.198849315068493,639.43,0.0
60.15,-1.1999999999999993,2.2173972602739727,643.74,0.0
60.15,-0.9499999999999993,2.200712328767123,639.89,0.0
60.15,-0.6999999999999993,2.222794520547945,646.56,0.0
60.15,-0.4499999999999993,2.2363835616438354,650.64,0.0
60.15,-0.1999999999999993,2.2393150684931507,651.44,0.0
60.15,0.05000000000000071,,,
60.15,0.3000000000000007,,,
60.15,0.5500000000000007,,,
60.15,0.8000000000000007,,,
60.15,1.0500000000000007,,,
60.15,1.3000000000000007,,,
60.15,1.5500000000000007,,,
60.15,1.8000000000000007,,,
60.4,-8.2,2.158684931506849,628.76,0.0
60.4,-7.949999999999999,2.162109589041096,629.74,0.0
60.4,-7.699999999999999,2.167780821917808,631.46,0.0
60.4,-7.449999999999999,2.173315068493151,633.16,0.0
60.4,-7.199999999999999,2.172027397260274,632.67,0.0
60.4,-6.949999999999999,2.175013698630137,633.66,0.0
60.4,-6.699999999999999,2.1795890410958902,635.06,0.0
60.4,-6.449999999999999,2.184219178082192,636.57,0.0
60.4,-6.199999999999999,2.1786301369863015,634.74,0.0
60.4,-5.949999999999999,2.1813972602739726,635.38,0.0
60.4,-5.699999999999999,2.171452054794521,632.23,0.0
60.4,-5.449999999999999,2.1695068493150687,631.48,0.0
60.4,-5.199999999999999,2.171945205479452,632.17,0.0
60.4,-4.949999999999999,,,
60.4,-4.699999999999999,,,
60.4,-4.449999999999999,,,
60.4,-4.199999999999999,,,
60.4,-3.9499999999999993,,,
60.4,-3.6999999999999993,,,
60.4,-3.4499999999999993,,,
60.4,-3.1999999999999993,,,
60.4,-2.9499999999999993,,,
60.4,-2.6999999999999993,,,
60.4,-2.4499999999999993,2.1832602739726026,635.19,0.0
60.4,-2.1999999999999993,2.1893424657534246,637.12,0.0
60.4,-1.9499999999999993,2.1908219178082193,637.59,0.0
60.4,-1.6999999999999993,2.2318082191780824,650.21,0.0
60.4,-1.4499999999999993,2.214794520547945,644.99,0.0
60.4,-1.1999999999999993,2.204958904109589,641.15,0.0
60.4,-0.9499999999999993,2.1486027397260274,624.01,0.0
60.4,-0.6999999999999993,2.176986301369863,632.66,0.0
60.4,-0.4499999999999993,2.193013698630137,637.53,0.0
60.4,-0.1999999999999993,2.201123287671233,639.95,0.0
60.4,0.05000000000000071,,,
60.4,0.3000000000000007,,,
60.4,0.5500000000000007,,,
60.4,0.8000000000000007,,,
60.4,1.0500000000000007,,,
60.4,1.3000000000000007,,,
60.4,1.5500000000000007,,,
60.4,1.8000000000000007,,,
60.65,-8.2,2.1434794520547946,624.47,0.0
60.65,-7.949999999999999,2.150958904109589,626.75,0.0
60.65,-7.699999999999999,2.1533424657534246,627.53,0.0
60.65,-7.449999999999999,2.156191780821918,628.3,0.0
60.65,-7.199999999999999,2.162027397260274,630.08,0.0
60.65,-6.949999999999999,2.168904109589041,632.28,0.0
60.65,-6.699999999999999,2.181041095890411,636.13,0.0
60.65,-6.449999999999999,2.182301369863014,636.48,0.0
60.65,-6.199999999999999,2.1773424657534246,634.84,0.0
60.65,-5.949999999999999,2.1706301369863015,632.61,0.0
60.65,-5.699999999999999,2.162958904109589,630.05,0.0
60.65,-5.449999999999999,2.161013698630137,629.42,0.0
60.65,-5.199999999999999,2.154164383561644,627.06,0.0
60.65,-4.949999999999999,,,
60.65,-4.699999999999999,,,
60.65,-4.449999999999999,,,
60.65,-4.199999999999999,,,
60.65,-3.9499999999999993,,,
60.65,-3.6999999999999993,,,
60.65,-3.4499999999999993,,,
60.65,-3.1999999999999993,,,
60.65,-2.9499999999999993,,,
60.65,-2.6999999999999993,,,
60.65,-2.4499999999999993,2.1536438356164385,626.25,0.0
60.65,-2.1999999999999993,2.1549589041095887,626.62,0.0
60.65,-1.9499999999999993,2.1577260273972603,627.43,0.0
60.65,-1.6999999999999993,2.1456164383561642,623.51,0.0
60.65,-1.4499999999999993,2.1774520547945206,633.85,0.0
60.65,-1.1999999999999993,2.140876712328767,622.09,0.0
60.65,-0.9499999999999993,2.157095890410959,626.11,0.0
60.65,-0.6999999999999993,2.1113972602739723,612.33,0.0
60.65,-0.4499999999999993,2.1454794520547944,623.08,0.0
60.65,-0.1999999999999993,2.1649589041095894,629.1,0.0
60.65,0.05000000000000071,,,
60.65,0.3000000000000007,,,
60.65,0.5500000000000007,,,
60.65,0.8000000000000007,,,
60.65,1.0500000000000007,,,
60.65,1.3000000000000007,,,
60.65,1.5500000000000007,,,
60.65,1.8000000000000007,,,
60.9,-8.2,2.132821917808219,621.54,0.0
60.9,-7.949999999999999,2.1379452054794523,623.07,0.0
60.9,-7.699999999999999,2.1401917808219175,623.84,0.0
60.9,-7.449999999999999,2.145315068493151,625.58,0.0
60.9,-7.199999999999999,2.1539452054794523,628.17,0.0
60.9,-6.949999999999999,2.1640547945205477,631.57,0.0
60.9,-6.699999999999999,2.172109589041096,634.02,0.0
60.9,-6.449999999999999,2.1756438356164383,634.9,0.0
60.9,-6.199999999999999,2.162739726027397,630.78,0.0
60.9,-5.949999999999999,2.1551780821917808,628.49,0.0
60.9,-5.699999999999999,2.1547123287671233,628.13,0.0
60.9,-5.449999999999999,2.1458356164383563,625.09,0.0
60.9,-5.199999999999999,2.137972602739726,622.52,0.0
60.9,-4.949999999999999,,,
60.9,-4.699999999999999,,,
60.9,-4.449999999999999,,,
60.9,-4.199999999999999,,,
60.9,-3.9499999999999993,,,
60.9,-3.6999999999999993,,,
60.9,-3.4499999999999993,,,
60.9,-3.1999999999999993,,,
60.9,-2.9499999999999993,,,
60.9,-2.6999999999999993,,,
60.9,-2.4499999999999993,2.1279178082191783,618.68,0.0
60.9,-2.1999999999999993,2.1275068493150684,618.4,0.0
60.9,-1.9499999999999993,2.13041095890411,619.26,0.0
60.9,-1.6999999999999993,2.128575342465753,618.67,0.0
60.9,-1.4499999999999993,2.120191780821918,615.91,0.0
60.9,-1.1999999999999993,2.1124931506849314,613.49,0.0
60.9,-0.9499999999999993,2.1191780821917807,615.54,0.0
60.9,-0.6999999999999993,2.103150684931507,610.3,0.0
60.9,-0.4499999999999993,2.1223835616438356,616.24,0.0
60.9,-0.1999999999999993,2.1377260273972603,621.0,0.0
60.9,0.05000000000000071,,,
60.9,0.3000000000000007,,,
60.9,0.5500000000000007,,,
60.9,0.8000000000000007,,,
60.9,1.0500000000000007,,,
60.9,1.3000000000000007,,,
60.9,1.5500000000000007,,,
60.9,1.8000000000000007,,,
